2024-07-31 12:43:39,315 [Worker-1: Loading available Gradle versions] INFO  o.e.b.c.i.u.g.PublishedGradleVersions - Gradle version information cache is up-to-date. Trying to read.
2024-07-31 12:44:44,906 [Worker-8: Launching mavenrun-c5181b8d-6235-4dd2-b1b1-6574fcd33973] INFO  o.eclipse.m2e.core.internal.Bundles - getClasspathEntries(Bundle=org.eclipse.m2e.maven.runtime_3.9.700.20240602-2313 [359])
2024-07-31 12:44:44,910 [Worker-8: Launching mavenrun-c5181b8d-6235-4dd2-b1b1-6574fcd33973] INFO  o.eclipse.m2e.core.internal.Bundles - 	Entry: D:\Download from crome\sts-4.23.1.RELEASE\plugins\org.eclipse.m2e.maven.runtime_3.9.700.20240602-2313
2024-07-31 12:44:44,910 [Worker-8: Launching mavenrun-c5181b8d-6235-4dd2-b1b1-6574fcd33973] INFO  o.eclipse.m2e.core.internal.Bundles - 	Entry: D:\Download from crome\sts-4.23.1.RELEASE\plugins\org.eclipse.m2e.maven.runtime_3.9.700.20240602-2313\jars\aopalliance-1.0.jar
2024-07-31 12:44:44,911 [Worker-8: Launching mavenrun-c5181b8d-6235-4dd2-b1b1-6574fcd33973] INFO  o.eclipse.m2e.core.internal.Bundles - 	Entry: D:\Download from crome\sts-4.23.1.RELEASE\plugins\org.eclipse.m2e.maven.runtime_3.9.700.20240602-2313\jars\guice-5.1.0.jar
2024-07-31 12:44:44,911 [Worker-8: Launching mavenrun-c5181b8d-6235-4dd2-b1b1-6574fcd33973] INFO  o.eclipse.m2e.core.internal.Bundles - 	Entry: D:\Download from crome\sts-4.23.1.RELEASE\plugins\org.eclipse.m2e.maven.runtime_3.9.700.20240602-2313\jars\httpclient-4.5.14.jar
2024-07-31 12:44:44,911 [Worker-8: Launching mavenrun-c5181b8d-6235-4dd2-b1b1-6574fcd33973] INFO  o.eclipse.m2e.core.internal.Bundles - 	Entry: D:\Download from crome\sts-4.23.1.RELEASE\plugins\org.eclipse.m2e.maven.runtime_3.9.700.20240602-2313\jars\httpcore-4.4.16.jar
2024-07-31 12:44:44,911 [Worker-8: Launching mavenrun-c5181b8d-6235-4dd2-b1b1-6574fcd33973] INFO  o.eclipse.m2e.core.internal.Bundles - 	Entry: D:\Download from crome\sts-4.23.1.RELEASE\plugins\org.eclipse.m2e.maven.runtime_3.9.700.20240602-2313\jars\jansi-2.4.1.jar
2024-07-31 12:44:44,911 [Worker-8: Launching mavenrun-c5181b8d-6235-4dd2-b1b1-6574fcd33973] INFO  o.eclipse.m2e.core.internal.Bundles - 	Entry: D:\Download from crome\sts-4.23.1.RELEASE\plugins\org.eclipse.m2e.maven.runtime_3.9.700.20240602-2313\jars\jcl-over-slf4j-1.7.36.jar
2024-07-31 12:44:44,911 [Worker-8: Launching mavenrun-c5181b8d-6235-4dd2-b1b1-6574fcd33973] INFO  o.eclipse.m2e.core.internal.Bundles - 	Entry: D:\Download from crome\sts-4.23.1.RELEASE\plugins\org.eclipse.m2e.maven.runtime_3.9.700.20240602-2313\jars\maven-artifact-3.9.7.jar
2024-07-31 12:44:44,911 [Worker-8: Launching mavenrun-c5181b8d-6235-4dd2-b1b1-6574fcd33973] INFO  o.eclipse.m2e.core.internal.Bundles - 	Entry: D:\Download from crome\sts-4.23.1.RELEASE\plugins\org.eclipse.m2e.maven.runtime_3.9.700.20240602-2313\jars\maven-builder-support-3.9.7.jar
2024-07-31 12:44:44,912 [Worker-8: Launching mavenrun-c5181b8d-6235-4dd2-b1b1-6574fcd33973] INFO  o.eclipse.m2e.core.internal.Bundles - 	Entry: D:\Download from crome\sts-4.23.1.RELEASE\plugins\org.eclipse.m2e.maven.runtime_3.9.700.20240602-2313\jars\maven-compat-3.9.7.jar
2024-07-31 12:44:44,912 [Worker-8: Launching mavenrun-c5181b8d-6235-4dd2-b1b1-6574fcd33973] INFO  o.eclipse.m2e.core.internal.Bundles - 	Entry: D:\Download from crome\sts-4.23.1.RELEASE\plugins\org.eclipse.m2e.maven.runtime_3.9.700.20240602-2313\jars\maven-core-3.9.7.jar
2024-07-31 12:44:44,912 [Worker-8: Launching mavenrun-c5181b8d-6235-4dd2-b1b1-6574fcd33973] INFO  o.eclipse.m2e.core.internal.Bundles - 	Entry: D:\Download from crome\sts-4.23.1.RELEASE\plugins\org.eclipse.m2e.maven.runtime_3.9.700.20240602-2313\jars\maven-embedder-3.9.7.jar
2024-07-31 12:44:44,912 [Worker-8: Launching mavenrun-c5181b8d-6235-4dd2-b1b1-6574fcd33973] INFO  o.eclipse.m2e.core.internal.Bundles - 	Entry: D:\Download from crome\sts-4.23.1.RELEASE\plugins\org.eclipse.m2e.maven.runtime_3.9.700.20240602-2313\jars\maven-model-3.9.7.jar
2024-07-31 12:44:44,912 [Worker-8: Launching mavenrun-c5181b8d-6235-4dd2-b1b1-6574fcd33973] INFO  o.eclipse.m2e.core.internal.Bundles - 	Entry: D:\Download from crome\sts-4.23.1.RELEASE\plugins\org.eclipse.m2e.maven.runtime_3.9.700.20240602-2313\jars\maven-model-builder-3.9.7.jar
2024-07-31 12:44:44,912 [Worker-8: Launching mavenrun-c5181b8d-6235-4dd2-b1b1-6574fcd33973] INFO  o.eclipse.m2e.core.internal.Bundles - 	Entry: D:\Download from crome\sts-4.23.1.RELEASE\plugins\org.eclipse.m2e.maven.runtime_3.9.700.20240602-2313\jars\maven-plugin-api-3.9.7.jar
2024-07-31 12:44:44,913 [Worker-8: Launching mavenrun-c5181b8d-6235-4dd2-b1b1-6574fcd33973] INFO  o.eclipse.m2e.core.internal.Bundles - 	Entry: D:\Download from crome\sts-4.23.1.RELEASE\plugins\org.eclipse.m2e.maven.runtime_3.9.700.20240602-2313\jars\maven-repository-metadata-3.9.7.jar
2024-07-31 12:44:44,913 [Worker-8: Launching mavenrun-c5181b8d-6235-4dd2-b1b1-6574fcd33973] INFO  o.eclipse.m2e.core.internal.Bundles - 	Entry: D:\Download from crome\sts-4.23.1.RELEASE\plugins\org.eclipse.m2e.maven.runtime_3.9.700.20240602-2313\jars\maven-resolver-api-1.9.20.jar
2024-07-31 12:44:44,913 [Worker-8: Launching mavenrun-c5181b8d-6235-4dd2-b1b1-6574fcd33973] INFO  o.eclipse.m2e.core.internal.Bundles - 	Entry: D:\Download from crome\sts-4.23.1.RELEASE\plugins\org.eclipse.m2e.maven.runtime_3.9.700.20240602-2313\jars\maven-resolver-connector-basic-1.9.20.jar
2024-07-31 12:44:44,913 [Worker-8: Launching mavenrun-c5181b8d-6235-4dd2-b1b1-6574fcd33973] INFO  o.eclipse.m2e.core.internal.Bundles - 	Entry: D:\Download from crome\sts-4.23.1.RELEASE\plugins\org.eclipse.m2e.maven.runtime_3.9.700.20240602-2313\jars\maven-resolver-impl-1.9.20.jar
2024-07-31 12:44:44,913 [Worker-8: Launching mavenrun-c5181b8d-6235-4dd2-b1b1-6574fcd33973] INFO  o.eclipse.m2e.core.internal.Bundles - 	Entry: D:\Download from crome\sts-4.23.1.RELEASE\plugins\org.eclipse.m2e.maven.runtime_3.9.700.20240602-2313\jars\maven-resolver-named-locks-1.9.20.jar
2024-07-31 12:44:44,913 [Worker-8: Launching mavenrun-c5181b8d-6235-4dd2-b1b1-6574fcd33973] INFO  o.eclipse.m2e.core.internal.Bundles - 	Entry: D:\Download from crome\sts-4.23.1.RELEASE\plugins\org.eclipse.m2e.maven.runtime_3.9.700.20240602-2313\jars\maven-resolver-provider-3.9.7.jar
2024-07-31 12:44:44,913 [Worker-8: Launching mavenrun-c5181b8d-6235-4dd2-b1b1-6574fcd33973] INFO  o.eclipse.m2e.core.internal.Bundles - 	Entry: D:\Download from crome\sts-4.23.1.RELEASE\plugins\org.eclipse.m2e.maven.runtime_3.9.700.20240602-2313\jars\maven-resolver-spi-1.9.20.jar
2024-07-31 12:44:44,914 [Worker-8: Launching mavenrun-c5181b8d-6235-4dd2-b1b1-6574fcd33973] INFO  o.eclipse.m2e.core.internal.Bundles - 	Entry: D:\Download from crome\sts-4.23.1.RELEASE\plugins\org.eclipse.m2e.maven.runtime_3.9.700.20240602-2313\jars\maven-resolver-transport-file-1.9.20.jar
2024-07-31 12:44:44,914 [Worker-8: Launching mavenrun-c5181b8d-6235-4dd2-b1b1-6574fcd33973] INFO  o.eclipse.m2e.core.internal.Bundles - 	Entry: D:\Download from crome\sts-4.23.1.RELEASE\plugins\org.eclipse.m2e.maven.runtime_3.9.700.20240602-2313\jars\maven-resolver-transport-http-1.9.20.jar
2024-07-31 12:44:44,914 [Worker-8: Launching mavenrun-c5181b8d-6235-4dd2-b1b1-6574fcd33973] INFO  o.eclipse.m2e.core.internal.Bundles - 	Entry: D:\Download from crome\sts-4.23.1.RELEASE\plugins\org.eclipse.m2e.maven.runtime_3.9.700.20240602-2313\jars\maven-resolver-transport-wagon-1.9.20.jar
2024-07-31 12:44:44,914 [Worker-8: Launching mavenrun-c5181b8d-6235-4dd2-b1b1-6574fcd33973] INFO  o.eclipse.m2e.core.internal.Bundles - 	Entry: D:\Download from crome\sts-4.23.1.RELEASE\plugins\org.eclipse.m2e.maven.runtime_3.9.700.20240602-2313\jars\maven-resolver-util-1.9.20.jar
2024-07-31 12:44:44,914 [Worker-8: Launching mavenrun-c5181b8d-6235-4dd2-b1b1-6574fcd33973] INFO  o.eclipse.m2e.core.internal.Bundles - 	Entry: D:\Download from crome\sts-4.23.1.RELEASE\plugins\org.eclipse.m2e.maven.runtime_3.9.700.20240602-2313\jars\maven-settings-3.9.7.jar
2024-07-31 12:44:44,915 [Worker-8: Launching mavenrun-c5181b8d-6235-4dd2-b1b1-6574fcd33973] INFO  o.eclipse.m2e.core.internal.Bundles - 	Entry: D:\Download from crome\sts-4.23.1.RELEASE\plugins\org.eclipse.m2e.maven.runtime_3.9.700.20240602-2313\jars\maven-settings-builder-3.9.7.jar
2024-07-31 12:44:44,915 [Worker-8: Launching mavenrun-c5181b8d-6235-4dd2-b1b1-6574fcd33973] INFO  o.eclipse.m2e.core.internal.Bundles - 	Entry: D:\Download from crome\sts-4.23.1.RELEASE\plugins\org.eclipse.m2e.maven.runtime_3.9.700.20240602-2313\jars\maven-shared-utils-3.4.2.jar
2024-07-31 12:44:44,915 [Worker-8: Launching mavenrun-c5181b8d-6235-4dd2-b1b1-6574fcd33973] INFO  o.eclipse.m2e.core.internal.Bundles - 	Entry: D:\Download from crome\sts-4.23.1.RELEASE\plugins\org.eclipse.m2e.maven.runtime_3.9.700.20240602-2313\jars\org.eclipse.sisu.inject-0.9.0.M2.jar
2024-07-31 12:44:44,915 [Worker-8: Launching mavenrun-c5181b8d-6235-4dd2-b1b1-6574fcd33973] INFO  o.eclipse.m2e.core.internal.Bundles - 	Entry: D:\Download from crome\sts-4.23.1.RELEASE\plugins\org.eclipse.m2e.maven.runtime_3.9.700.20240602-2313\jars\org.eclipse.sisu.plexus-0.9.0.M2.jar
2024-07-31 12:44:44,915 [Worker-8: Launching mavenrun-c5181b8d-6235-4dd2-b1b1-6574fcd33973] INFO  o.eclipse.m2e.core.internal.Bundles - 	Entry: D:\Download from crome\sts-4.23.1.RELEASE\plugins\org.eclipse.m2e.maven.runtime_3.9.700.20240602-2313\jars\plexus-build-api-0.0.7.jar
2024-07-31 12:44:44,916 [Worker-8: Launching mavenrun-c5181b8d-6235-4dd2-b1b1-6574fcd33973] INFO  o.eclipse.m2e.core.internal.Bundles - 	Entry: D:\Download from crome\sts-4.23.1.RELEASE\plugins\org.eclipse.m2e.maven.runtime_3.9.700.20240602-2313\jars\plexus-build-api-1.2.0.jar
2024-07-31 12:44:44,916 [Worker-8: Launching mavenrun-c5181b8d-6235-4dd2-b1b1-6574fcd33973] INFO  o.eclipse.m2e.core.internal.Bundles - 	Entry: D:\Download from crome\sts-4.23.1.RELEASE\plugins\org.eclipse.m2e.maven.runtime_3.9.700.20240602-2313\jars\plexus-cipher-2.0.jar
2024-07-31 12:44:44,916 [Worker-8: Launching mavenrun-c5181b8d-6235-4dd2-b1b1-6574fcd33973] INFO  o.eclipse.m2e.core.internal.Bundles - 	Entry: D:\Download from crome\sts-4.23.1.RELEASE\plugins\org.eclipse.m2e.maven.runtime_3.9.700.20240602-2313\jars\plexus-classworlds-2.8.0.jar
2024-07-31 12:44:44,916 [Worker-8: Launching mavenrun-c5181b8d-6235-4dd2-b1b1-6574fcd33973] INFO  o.eclipse.m2e.core.internal.Bundles - 	Entry: D:\Download from crome\sts-4.23.1.RELEASE\plugins\org.eclipse.m2e.maven.runtime_3.9.700.20240602-2313\jars\plexus-component-annotations-2.1.0.jar
2024-07-31 12:44:44,916 [Worker-8: Launching mavenrun-c5181b8d-6235-4dd2-b1b1-6574fcd33973] INFO  o.eclipse.m2e.core.internal.Bundles - 	Entry: D:\Download from crome\sts-4.23.1.RELEASE\plugins\org.eclipse.m2e.maven.runtime_3.9.700.20240602-2313\jars\plexus-interpolation-1.27.jar
2024-07-31 12:44:44,916 [Worker-8: Launching mavenrun-c5181b8d-6235-4dd2-b1b1-6574fcd33973] INFO  o.eclipse.m2e.core.internal.Bundles - 	Entry: D:\Download from crome\sts-4.23.1.RELEASE\plugins\org.eclipse.m2e.maven.runtime_3.9.700.20240602-2313\jars\plexus-sec-dispatcher-2.0.jar
2024-07-31 12:44:44,917 [Worker-8: Launching mavenrun-c5181b8d-6235-4dd2-b1b1-6574fcd33973] INFO  o.eclipse.m2e.core.internal.Bundles - 	Entry: D:\Download from crome\sts-4.23.1.RELEASE\plugins\org.eclipse.m2e.maven.runtime_3.9.700.20240602-2313\jars\plexus-utils-3.5.1.jar
2024-07-31 12:44:44,917 [Worker-8: Launching mavenrun-c5181b8d-6235-4dd2-b1b1-6574fcd33973] INFO  o.eclipse.m2e.core.internal.Bundles - 	Entry: D:\Download from crome\sts-4.23.1.RELEASE\plugins\org.eclipse.m2e.maven.runtime_3.9.700.20240602-2313\jars\wagon-file-3.5.3.jar
2024-07-31 12:44:44,917 [Worker-8: Launching mavenrun-c5181b8d-6235-4dd2-b1b1-6574fcd33973] INFO  o.eclipse.m2e.core.internal.Bundles - 	Entry: D:\Download from crome\sts-4.23.1.RELEASE\plugins\org.eclipse.m2e.maven.runtime_3.9.700.20240602-2313\jars\wagon-http-3.5.3.jar
2024-07-31 12:44:44,917 [Worker-8: Launching mavenrun-c5181b8d-6235-4dd2-b1b1-6574fcd33973] INFO  o.eclipse.m2e.core.internal.Bundles - 	Entry: D:\Download from crome\sts-4.23.1.RELEASE\plugins\org.eclipse.m2e.maven.runtime_3.9.700.20240602-2313\jars\wagon-http-shared-3.5.3.jar
2024-07-31 12:44:44,917 [Worker-8: Launching mavenrun-c5181b8d-6235-4dd2-b1b1-6574fcd33973] INFO  o.eclipse.m2e.core.internal.Bundles - 	Entry: D:\Download from crome\sts-4.23.1.RELEASE\plugins\org.eclipse.m2e.maven.runtime_3.9.700.20240602-2313\jars\wagon-provider-api-3.5.3.jar
2024-07-31 12:44:44,920 [Worker-8: Launching mavenrun-c5181b8d-6235-4dd2-b1b1-6574fcd33973] INFO  o.eclipse.m2e.core.internal.Bundles - getClasspathEntries(Bundle=com.google.guava_33.2.0.jre [29])
2024-07-31 12:44:44,920 [Worker-8: Launching mavenrun-c5181b8d-6235-4dd2-b1b1-6574fcd33973] INFO  o.eclipse.m2e.core.internal.Bundles - 	Entry: D:\Download from crome\sts-4.23.1.RELEASE\plugins\com.google.guava_33.2.0.jre.jar
2024-07-31 12:44:44,920 [Worker-8: Launching mavenrun-c5181b8d-6235-4dd2-b1b1-6574fcd33973] INFO  o.eclipse.m2e.core.internal.Bundles - getClasspathEntries(Bundle=slf4j.api_2.0.13 [592])
2024-07-31 12:44:44,920 [Worker-8: Launching mavenrun-c5181b8d-6235-4dd2-b1b1-6574fcd33973] INFO  o.eclipse.m2e.core.internal.Bundles - 	Entry: D:\Download from crome\sts-4.23.1.RELEASE\plugins\slf4j.api_2.0.13.jar
2024-07-31 12:44:44,921 [Worker-8: Launching mavenrun-c5181b8d-6235-4dd2-b1b1-6574fcd33973] INFO  o.eclipse.m2e.core.internal.Bundles - getClasspathEntries(Bundle=jakarta.inject.jakarta.inject-api_1.0.5 [44])
2024-07-31 12:44:44,921 [Worker-8: Launching mavenrun-c5181b8d-6235-4dd2-b1b1-6574fcd33973] INFO  o.eclipse.m2e.core.internal.Bundles - 	Entry: D:\Download from crome\sts-4.23.1.RELEASE\plugins\jakarta.inject.jakarta.inject-api_1.0.5.jar
2024-07-31 12:44:44,921 [Worker-8: Launching mavenrun-c5181b8d-6235-4dd2-b1b1-6574fcd33973] INFO  o.eclipse.m2e.core.internal.Bundles - getClasspathEntries(Bundle=javax.annotation_1.3.5.v20200909-1856 [53])
2024-07-31 12:44:44,921 [Worker-8: Launching mavenrun-c5181b8d-6235-4dd2-b1b1-6574fcd33973] INFO  o.eclipse.m2e.core.internal.Bundles - 	Entry: D:\Download from crome\sts-4.23.1.RELEASE\plugins\javax.annotation_1.3.5.v20200909-1856.jar
2024-07-31 12:44:44,921 [Worker-8: Launching mavenrun-c5181b8d-6235-4dd2-b1b1-6574fcd33973] INFO  o.eclipse.m2e.core.internal.Bundles - getClasspathEntries(Bundle=org.apache.commons.cli_1.8.0 [76])
2024-07-31 12:44:44,922 [Worker-8: Launching mavenrun-c5181b8d-6235-4dd2-b1b1-6574fcd33973] INFO  o.eclipse.m2e.core.internal.Bundles - 	Entry: D:\Download from crome\sts-4.23.1.RELEASE\plugins\org.apache.commons.cli_1.8.0.jar
2024-07-31 12:44:44,922 [Worker-8: Launching mavenrun-c5181b8d-6235-4dd2-b1b1-6574fcd33973] INFO  o.eclipse.m2e.core.internal.Bundles - getClasspathEntries(Bundle=org.apache.commons.commons-codec_1.16.0 [78])
2024-07-31 12:44:44,922 [Worker-8: Launching mavenrun-c5181b8d-6235-4dd2-b1b1-6574fcd33973] INFO  o.eclipse.m2e.core.internal.Bundles - 	Entry: D:\Download from crome\sts-4.23.1.RELEASE\plugins\org.apache.commons.commons-codec_1.16.0.jar
2024-07-31 12:44:44,922 [Worker-8: Launching mavenrun-c5181b8d-6235-4dd2-b1b1-6574fcd33973] INFO  o.eclipse.m2e.core.internal.Bundles - getClasspathEntries(Bundle=org.apache.commons.lang3_3.14.0 [82])
2024-07-31 12:44:44,923 [Worker-8: Launching mavenrun-c5181b8d-6235-4dd2-b1b1-6574fcd33973] INFO  o.eclipse.m2e.core.internal.Bundles - 	Entry: D:\Download from crome\sts-4.23.1.RELEASE\plugins\org.apache.commons.lang3_3.14.0.jar
2024-07-31 12:44:44,923 [Worker-8: Launching mavenrun-c5181b8d-6235-4dd2-b1b1-6574fcd33973] INFO  o.eclipse.m2e.core.internal.Bundles - getClasspathEntries(Bundle=com.google.guava.failureaccess_1.0.2 [30])
2024-07-31 12:44:44,924 [Worker-8: Launching mavenrun-c5181b8d-6235-4dd2-b1b1-6574fcd33973] INFO  o.eclipse.m2e.core.internal.Bundles - 	Entry: D:\Download from crome\sts-4.23.1.RELEASE\plugins\com.google.guava.failureaccess_1.0.2.jar
2024-07-31 12:44:44,935 [Worker-8: Launching mavenrun-c5181b8d-6235-4dd2-b1b1-6574fcd33973] INFO  o.e.m.i.launch.MavenLaunchDelegate - Run build in "C:\Users\Amit\AppData\Local\Temp\m2e-archetypeGenerator9207226929416296279":
2024-07-31 12:44:44,941 [Worker-8: Launching mavenrun-c5181b8d-6235-4dd2-b1b1-6574fcd33973] INFO  o.e.m.i.launch.MavenLaunchDelegate -  mvn  -DarchetypeGroupId=org.apache.maven.archetypes -DarchetypeArtifactId=maven-archetype-quickstart -DarchetypeVersion=1.1 -DgroupId=com.bikkadit -DartifactId=HibernatePract -Dversion=0.0.1-SNAPSHOT -Dpackage=com.bikkadit.HibernatePract -DoutputDirectory=C:\Users\Amit\Desktop\JAVA_Work\hibernate_project_1 -Dstyle.color=always -U archetype:generate
2024-07-31 12:45:14,756 [Worker-6: Creating maven-archetype-quickstart] INFO  o.e.m.c.i.p.ProjectConfigurationManager - Collecting project info '/pom.xml' C:\Users\Amit\Desktop\JAVA_Work\hibernate_project_1\HibernatePract\pom.xml
2024-07-31 12:45:15,401 [Worker-6: Creating maven-archetype-quickstart] INFO  o.e.m.c.i.l.LifecycleMappingFactory - Using org.eclipse.m2e.jdt.JarLifecycleMapping lifecycle mapping for MavenProject: com.bikkadit:HibernatePract:0.0.1-SNAPSHOT @ C:\Users\Amit\Desktop\JAVA_Work\hibernate_project_1\HibernatePract\pom.xml.
2024-07-31 12:45:16,618 [Worker-6: Creating maven-archetype-quickstart] INFO  o.e.m.j.i.AbstractJavaProjectConfigurator - Adding source folder /HibernatePract/src/main/java
2024-07-31 12:45:16,623 [Worker-6: Creating maven-archetype-quickstart] INFO  o.e.m.j.i.AbstractJavaProjectConfigurator - Adding resource folder /HibernatePract/src/main/resources
2024-07-31 12:45:16,631 [Worker-6: Creating maven-archetype-quickstart] INFO  o.e.m.j.i.AbstractJavaProjectConfigurator - Adding source folder /HibernatePract/src/test/java
2024-07-31 12:45:16,634 [Worker-6: Creating maven-archetype-quickstart] INFO  o.e.m.j.i.AbstractJavaProjectConfigurator - Adding resource folder /HibernatePract/src/test/resources
2024-07-31 12:45:16,828 [Worker-6: Creating maven-archetype-quickstart] INFO  o.e.m.c.i.p.ProjectConfigurationManager - Imported and configured 1 project(s) in 2 sec
2024-07-31 12:45:18,646 [Worker-8: Building] INFO  o.a.m.s.f.DefaultMavenResourcesFiltering - skip non existing resourceDirectory C:\Users\Amit\Desktop\JAVA_Work\hibernate_project_1\HibernatePract\src\main\resources
2024-07-31 12:45:18,653 [Worker-8: Building] INFO  o.a.m.s.f.DefaultMavenResourcesFiltering - skip non existing resourceDirectory C:\Users\Amit\Desktop\JAVA_Work\hibernate_project_1\HibernatePract\src\test\resources
2024-07-31 13:13:17,540 [Worker-10: Building] INFO  o.a.m.s.f.DefaultMavenResourcesFiltering - skip non existing resourceDirectory C:\Users\Amit\Desktop\JAVA_Work\hibernate_project_1\HibernatePract\src\main\resources
2024-07-31 13:13:17,544 [Worker-10: Building] INFO  o.a.m.s.f.DefaultMavenResourcesFiltering - skip non existing resourceDirectory C:\Users\Amit\Desktop\JAVA_Work\hibernate_project_1\HibernatePract\src\test\resources
2024-07-31 13:13:43,059 [Worker-15: Building] INFO  o.a.m.s.f.DefaultMavenResourcesFiltering - skip non existing resourceDirectory C:\Users\Amit\Desktop\JAVA_Work\hibernate_project_1\HibernatePract\src\main\resources
2024-07-31 13:13:43,063 [Worker-15: Building] INFO  o.a.m.s.f.DefaultMavenResourcesFiltering - skip non existing resourceDirectory C:\Users\Amit\Desktop\JAVA_Work\hibernate_project_1\HibernatePract\src\test\resources
2024-07-31 13:18:18,638 [Worker-13: Building] INFO  o.a.m.s.f.DefaultMavenResourcesFiltering - skip non existing resourceDirectory C:\Users\Amit\Desktop\JAVA_Work\hibernate_project_1\HibernatePract\src\main\resources
2024-07-31 13:18:18,642 [Worker-13: Building] INFO  o.a.m.s.f.DefaultMavenResourcesFiltering - skip non existing resourceDirectory C:\Users\Amit\Desktop\JAVA_Work\hibernate_project_1\HibernatePract\src\test\resources
2024-07-31 13:18:32,010 [Worker-12: Building] INFO  o.a.m.s.f.DefaultMavenResourcesFiltering - skip non existing resourceDirectory C:\Users\Amit\Desktop\JAVA_Work\hibernate_project_1\HibernatePract\src\main\resources
2024-07-31 13:18:32,015 [Worker-12: Building] INFO  o.a.m.s.f.DefaultMavenResourcesFiltering - skip non existing resourceDirectory C:\Users\Amit\Desktop\JAVA_Work\hibernate_project_1\HibernatePract\src\test\resources
2024-07-31 13:19:44,719 [Worker-7: Building] INFO  o.a.m.s.f.DefaultMavenResourcesFiltering - skip non existing resourceDirectory C:\Users\Amit\Desktop\JAVA_Work\hibernate_project_1\HibernatePract\src\main\resources
2024-07-31 13:19:44,723 [Worker-7: Building] INFO  o.a.m.s.f.DefaultMavenResourcesFiltering - skip non existing resourceDirectory C:\Users\Amit\Desktop\JAVA_Work\hibernate_project_1\HibernatePract\src\test\resources
2024-07-31 13:22:14,325 [Worker-7: Building] INFO  o.e.m.c.i.l.LifecycleMappingFactory - Using org.eclipse.m2e.jdt.JarLifecycleMapping lifecycle mapping for MavenProject: com.bikkadit:HibernatePract:0.0.1-SNAPSHOT @ C:\Users\Amit\Desktop\JAVA_Work\hibernate_project_1\HibernatePract\pom.xml.
2024-07-31 13:22:14,851 [Worker-7: Building] INFO  o.a.m.s.f.DefaultMavenResourcesFiltering - skip non existing resourceDirectory C:\Users\Amit\Desktop\JAVA_Work\hibernate_project_1\HibernatePract\src\main\resources
2024-07-31 13:22:14,858 [Worker-7: Building] INFO  o.a.m.s.f.DefaultMavenResourcesFiltering - skip non existing resourceDirectory C:\Users\Amit\Desktop\JAVA_Work\hibernate_project_1\HibernatePract\src\test\resources
2024-07-31 13:22:16,817 [Worker-7: Building] INFO  o.a.m.s.f.DefaultMavenResourcesFiltering - skip non existing resourceDirectory C:\Users\Amit\Desktop\JAVA_Work\hibernate_project_1\HibernatePract\src\main\resources
2024-07-31 13:22:16,821 [Worker-7: Building] INFO  o.a.m.s.f.DefaultMavenResourcesFiltering - skip non existing resourceDirectory C:\Users\Amit\Desktop\JAVA_Work\hibernate_project_1\HibernatePract\src\test\resources
2024-07-31 13:22:31,329 [Worker-19: Updating Maven Project] INFO  o.e.m.c.i.p.ProjectConfigurationManager - Update started
2024-07-31 13:22:31,618 [Worker-19: Updating Maven Project] INFO  o.e.m.c.i.l.LifecycleMappingFactory - Using org.eclipse.m2e.jdt.JarLifecycleMapping lifecycle mapping for MavenProject: com.bikkadit:HibernatePract:0.0.1-SNAPSHOT @ C:\Users\Amit\Desktop\JAVA_Work\hibernate_project_1\HibernatePract\pom.xml.
2024-07-31 13:22:31,967 [Worker-19: Updating Maven Project] INFO  o.e.m.j.i.AbstractJavaProjectConfigurator - Adding source folder /HibernatePract/src/main/java
2024-07-31 13:22:31,970 [Worker-19: Updating Maven Project] INFO  o.e.m.j.i.AbstractJavaProjectConfigurator - Adding resource folder /HibernatePract/src/main/resources
2024-07-31 13:22:31,970 [Worker-19: Updating Maven Project] INFO  o.e.m.j.i.AbstractJavaProjectConfigurator - Adding source folder /HibernatePract/src/test/java
2024-07-31 13:22:31,972 [Worker-19: Updating Maven Project] INFO  o.e.m.j.i.AbstractJavaProjectConfigurator - Adding resource folder /HibernatePract/src/test/resources
2024-07-31 13:22:32,137 [Worker-19: Updating Maven Project] INFO  o.e.m.c.i.p.ProjectConfigurationManager - Update completed for 1 poms: local refresh takes 0.00 sec, refresh facades takes 0.00 sec, update config takes 0.00 sec 
2024-07-31 13:22:32,355 [Worker-19: Building] INFO  o.a.m.s.f.DefaultMavenResourcesFiltering - skip non existing resourceDirectory C:\Users\Amit\Desktop\JAVA_Work\hibernate_project_1\HibernatePract\src\main\resources
2024-07-31 13:22:32,361 [Worker-19: Building] INFO  o.a.m.s.f.DefaultMavenResourcesFiltering - skip non existing resourceDirectory C:\Users\Amit\Desktop\JAVA_Work\hibernate_project_1\HibernatePract\src\test\resources
2024-07-31 13:23:40,206 [Worker-16: Building] INFO  o.a.m.s.f.DefaultMavenResourcesFiltering - skip non existing resourceDirectory C:\Users\Amit\Desktop\JAVA_Work\hibernate_project_1\HibernatePract\src\main\resources
2024-07-31 13:23:40,209 [Worker-16: Building] INFO  o.a.m.s.f.DefaultMavenResourcesFiltering - skip non existing resourceDirectory C:\Users\Amit\Desktop\JAVA_Work\hibernate_project_1\HibernatePract\src\test\resources
2024-07-31 13:25:45,097 [Worker-23: Building] INFO  o.a.m.s.f.DefaultMavenResourcesFiltering - skip non existing resourceDirectory C:\Users\Amit\Desktop\JAVA_Work\hibernate_project_1\HibernatePract\src\main\resources
2024-07-31 13:25:45,100 [Worker-23: Building] INFO  o.a.m.s.f.DefaultMavenResourcesFiltering - skip non existing resourceDirectory C:\Users\Amit\Desktop\JAVA_Work\hibernate_project_1\HibernatePract\src\test\resources
2024-07-31 13:25:50,260 [Worker-14: Building] INFO  o.a.m.s.f.DefaultMavenResourcesFiltering - skip non existing resourceDirectory C:\Users\Amit\Desktop\JAVA_Work\hibernate_project_1\HibernatePract\src\main\resources
2024-07-31 13:25:50,261 [Worker-14: Building] INFO  o.a.m.s.f.DefaultMavenResourcesFiltering - skip non existing resourceDirectory C:\Users\Amit\Desktop\JAVA_Work\hibernate_project_1\HibernatePract\src\test\resources
2024-07-31 13:27:51,133 [Worker-28: Building] INFO  o.a.m.s.f.DefaultMavenResourcesFiltering - skip non existing resourceDirectory C:\Users\Amit\Desktop\JAVA_Work\hibernate_project_1\HibernatePract\src\main\resources
2024-07-31 13:27:51,136 [Worker-28: Building] INFO  o.a.m.s.f.DefaultMavenResourcesFiltering - skip non existing resourceDirectory C:\Users\Amit\Desktop\JAVA_Work\hibernate_project_1\HibernatePract\src\test\resources
2024-07-31 13:32:52,044 [Worker-27: Building] INFO  o.a.m.s.f.DefaultMavenResourcesFiltering - skip non existing resourceDirectory C:\Users\Amit\Desktop\JAVA_Work\hibernate_project_1\HibernatePract\src\main\resources
2024-07-31 13:32:52,047 [Worker-27: Building] INFO  o.a.m.s.f.DefaultMavenResourcesFiltering - skip non existing resourceDirectory C:\Users\Amit\Desktop\JAVA_Work\hibernate_project_1\HibernatePract\src\test\resources
2024-07-31 14:58:47,144 [Worker-36: Building] INFO  o.a.m.s.f.DefaultMavenResourcesFiltering - skip non existing resourceDirectory C:\Users\Amit\Desktop\JAVA_Work\hibernate_project_1\HibernatePract\src\main\resources
2024-07-31 14:58:47,147 [Worker-36: Building] INFO  o.a.m.s.f.DefaultMavenResourcesFiltering - skip non existing resourceDirectory C:\Users\Amit\Desktop\JAVA_Work\hibernate_project_1\HibernatePract\src\test\resources
2024-07-31 15:02:32,643 [Worker-44: Building] INFO  o.a.m.s.f.DefaultMavenResourcesFiltering - skip non existing resourceDirectory C:\Users\Amit\Desktop\JAVA_Work\hibernate_project_1\HibernatePract\src\main\resources
2024-07-31 15:02:32,647 [Worker-44: Building] INFO  o.a.m.s.f.DefaultMavenResourcesFiltering - skip non existing resourceDirectory C:\Users\Amit\Desktop\JAVA_Work\hibernate_project_1\HibernatePract\src\test\resources
2024-07-31 15:03:40,954 [Worker-40: Building] INFO  o.a.m.s.f.DefaultMavenResourcesFiltering - skip non existing resourceDirectory C:\Users\Amit\Desktop\JAVA_Work\hibernate_project_1\HibernatePract\src\main\resources
2024-07-31 15:03:40,956 [Worker-40: Building] INFO  o.a.m.s.f.DefaultMavenResourcesFiltering - skip non existing resourceDirectory C:\Users\Amit\Desktop\JAVA_Work\hibernate_project_1\HibernatePract\src\test\resources
2024-07-31 15:05:55,866 [Worker-49: Building] INFO  o.a.m.s.f.DefaultMavenResourcesFiltering - skip non existing resourceDirectory C:\Users\Amit\Desktop\JAVA_Work\hibernate_project_1\HibernatePract\src\main\resources
2024-07-31 15:05:55,867 [Worker-49: Building] INFO  o.a.m.s.f.DefaultMavenResourcesFiltering - skip non existing resourceDirectory C:\Users\Amit\Desktop\JAVA_Work\hibernate_project_1\HibernatePract\src\test\resources
2024-07-31 15:07:18,095 [Worker-52: Building] INFO  o.a.m.s.f.DefaultMavenResourcesFiltering - skip non existing resourceDirectory C:\Users\Amit\Desktop\JAVA_Work\hibernate_project_1\HibernatePract\src\main\resources
2024-07-31 15:07:18,096 [Worker-52: Building] INFO  o.a.m.s.f.DefaultMavenResourcesFiltering - skip non existing resourceDirectory C:\Users\Amit\Desktop\JAVA_Work\hibernate_project_1\HibernatePract\src\test\resources
2024-07-31 15:07:49,280 [Worker-49: Building] INFO  o.a.m.s.f.DefaultMavenResourcesFiltering - skip non existing resourceDirectory C:\Users\Amit\Desktop\JAVA_Work\hibernate_project_1\HibernatePract\src\main\resources
2024-07-31 15:07:49,281 [Worker-49: Building] INFO  o.a.m.s.f.DefaultMavenResourcesFiltering - skip non existing resourceDirectory C:\Users\Amit\Desktop\JAVA_Work\hibernate_project_1\HibernatePract\src\test\resources
2024-07-31 15:10:10,655 [Worker-52: Building] INFO  o.a.m.s.f.DefaultMavenResourcesFiltering - skip non existing resourceDirectory C:\Users\Amit\Desktop\JAVA_Work\hibernate_project_1\HibernatePract\src\main\resources
2024-07-31 15:10:10,658 [Worker-52: Building] INFO  o.a.m.s.f.DefaultMavenResourcesFiltering - skip non existing resourceDirectory C:\Users\Amit\Desktop\JAVA_Work\hibernate_project_1\HibernatePract\src\test\resources
2024-07-31 15:11:41,354 [Worker-55: Building] INFO  o.a.m.s.f.DefaultMavenResourcesFiltering - skip non existing resourceDirectory C:\Users\Amit\Desktop\JAVA_Work\hibernate_project_1\HibernatePract\src\main\resources
2024-07-31 15:11:41,356 [Worker-55: Building] INFO  o.a.m.s.f.DefaultMavenResourcesFiltering - skip non existing resourceDirectory C:\Users\Amit\Desktop\JAVA_Work\hibernate_project_1\HibernatePract\src\test\resources
2024-07-31 15:12:53,281 [Worker-49: Building] INFO  o.a.m.s.f.DefaultMavenResourcesFiltering - skip non existing resourceDirectory C:\Users\Amit\Desktop\JAVA_Work\hibernate_project_1\HibernatePract\src\main\resources
2024-07-31 15:12:53,282 [Worker-49: Building] INFO  o.a.m.s.f.DefaultMavenResourcesFiltering - skip non existing resourceDirectory C:\Users\Amit\Desktop\JAVA_Work\hibernate_project_1\HibernatePract\src\test\resources
2024-07-31 15:13:29,834 [Worker-54: Building] INFO  o.a.m.s.f.DefaultMavenResourcesFiltering - skip non existing resourceDirectory C:\Users\Amit\Desktop\JAVA_Work\hibernate_project_1\HibernatePract\src\main\resources
2024-07-31 15:13:29,836 [Worker-54: Building] INFO  o.a.m.s.f.DefaultMavenResourcesFiltering - skip non existing resourceDirectory C:\Users\Amit\Desktop\JAVA_Work\hibernate_project_1\HibernatePract\src\test\resources
2024-07-31 15:13:44,398 [Worker-54: Building] INFO  o.a.m.s.f.DefaultMavenResourcesFiltering - skip non existing resourceDirectory C:\Users\Amit\Desktop\JAVA_Work\hibernate_project_1\HibernatePract\src\main\resources
2024-07-31 15:13:44,400 [Worker-54: Building] INFO  o.a.m.s.f.DefaultMavenResourcesFiltering - skip non existing resourceDirectory C:\Users\Amit\Desktop\JAVA_Work\hibernate_project_1\HibernatePract\src\test\resources
2024-07-31 15:16:46,934 [Worker-54: Building] INFO  o.a.m.s.f.DefaultMavenResourcesFiltering - skip non existing resourceDirectory C:\Users\Amit\Desktop\JAVA_Work\hibernate_project_1\HibernatePract\src\main\resources
2024-07-31 15:16:46,935 [Worker-54: Building] INFO  o.a.m.s.f.DefaultMavenResourcesFiltering - skip non existing resourceDirectory C:\Users\Amit\Desktop\JAVA_Work\hibernate_project_1\HibernatePract\src\test\resources
2024-07-31 15:21:14,054 [Worker-53: Building] INFO  o.a.m.s.f.DefaultMavenResourcesFiltering - skip non existing resourceDirectory C:\Users\Amit\Desktop\JAVA_Work\hibernate_project_1\HibernatePract\src\main\resources
2024-07-31 15:21:14,055 [Worker-53: Building] INFO  o.a.m.s.f.DefaultMavenResourcesFiltering - skip non existing resourceDirectory C:\Users\Amit\Desktop\JAVA_Work\hibernate_project_1\HibernatePract\src\test\resources
2024-07-31 15:21:34,646 [Worker-56: Building] INFO  o.a.m.s.f.DefaultMavenResourcesFiltering - skip non existing resourceDirectory C:\Users\Amit\Desktop\JAVA_Work\hibernate_project_1\HibernatePract\src\main\resources
2024-07-31 15:21:34,647 [Worker-56: Building] INFO  o.a.m.s.f.DefaultMavenResourcesFiltering - skip non existing resourceDirectory C:\Users\Amit\Desktop\JAVA_Work\hibernate_project_1\HibernatePract\src\test\resources
2024-07-31 15:22:15,641 [Worker-58: Building] INFO  o.a.m.s.f.DefaultMavenResourcesFiltering - skip non existing resourceDirectory C:\Users\Amit\Desktop\JAVA_Work\hibernate_project_1\HibernatePract\src\main\resources
2024-07-31 15:22:15,642 [Worker-58: Building] INFO  o.a.m.s.f.DefaultMavenResourcesFiltering - skip non existing resourceDirectory C:\Users\Amit\Desktop\JAVA_Work\hibernate_project_1\HibernatePract\src\test\resources
2024-07-31 15:23:45,679 [Worker-53: Building] INFO  o.a.m.s.f.DefaultMavenResourcesFiltering - skip non existing resourceDirectory C:\Users\Amit\Desktop\JAVA_Work\hibernate_project_1\HibernatePract\src\main\resources
2024-07-31 15:23:45,681 [Worker-53: Building] INFO  o.a.m.s.f.DefaultMavenResourcesFiltering - skip non existing resourceDirectory C:\Users\Amit\Desktop\JAVA_Work\hibernate_project_1\HibernatePract\src\test\resources
2024-07-31 15:24:38,945 [Worker-53: Building] INFO  o.a.m.s.f.DefaultMavenResourcesFiltering - skip non existing resourceDirectory C:\Users\Amit\Desktop\JAVA_Work\hibernate_project_1\HibernatePract\src\main\resources
2024-07-31 15:24:38,947 [Worker-53: Building] INFO  o.a.m.s.f.DefaultMavenResourcesFiltering - skip non existing resourceDirectory C:\Users\Amit\Desktop\JAVA_Work\hibernate_project_1\HibernatePract\src\test\resources
2024-07-31 15:27:05,557 [Worker-63: Building] INFO  o.a.m.s.f.DefaultMavenResourcesFiltering - skip non existing resourceDirectory C:\Users\Amit\Desktop\JAVA_Work\hibernate_project_1\HibernatePract\src\main\resources
2024-07-31 15:27:05,558 [Worker-63: Building] INFO  o.a.m.s.f.DefaultMavenResourcesFiltering - skip non existing resourceDirectory C:\Users\Amit\Desktop\JAVA_Work\hibernate_project_1\HibernatePract\src\test\resources
2024-07-31 15:27:25,292 [Worker-63: Building] INFO  o.a.m.s.f.DefaultMavenResourcesFiltering - skip non existing resourceDirectory C:\Users\Amit\Desktop\JAVA_Work\hibernate_project_1\HibernatePract\src\main\resources
2024-07-31 15:27:25,293 [Worker-63: Building] INFO  o.a.m.s.f.DefaultMavenResourcesFiltering - skip non existing resourceDirectory C:\Users\Amit\Desktop\JAVA_Work\hibernate_project_1\HibernatePract\src\test\resources
2024-07-31 15:28:43,827 [Worker-59: Building] INFO  o.a.m.s.f.DefaultMavenResourcesFiltering - skip non existing resourceDirectory C:\Users\Amit\Desktop\JAVA_Work\hibernate_project_1\HibernatePract\src\main\resources
2024-07-31 15:28:43,829 [Worker-59: Building] INFO  o.a.m.s.f.DefaultMavenResourcesFiltering - skip non existing resourceDirectory C:\Users\Amit\Desktop\JAVA_Work\hibernate_project_1\HibernatePract\src\test\resources
2024-07-31 15:29:38,551 [Worker-63: Updating Maven Project] INFO  o.e.m.c.i.p.ProjectConfigurationManager - Update started
2024-07-31 15:29:38,822 [Worker-63: Updating Maven Project] INFO  o.e.m.c.i.l.LifecycleMappingFactory - Using org.eclipse.m2e.jdt.JarLifecycleMapping lifecycle mapping for MavenProject: com.bikkadit:HibernatePract:0.0.1-SNAPSHOT @ C:\Users\Amit\Desktop\JAVA_Work\hibernate_project_1\HibernatePract\pom.xml.
2024-07-31 15:29:39,088 [Worker-63: Updating Maven Project] INFO  o.e.m.j.i.AbstractJavaProjectConfigurator - Adding source folder /HibernatePract/src/main/java
2024-07-31 15:29:39,089 [Worker-63: Updating Maven Project] INFO  o.e.m.j.i.AbstractJavaProjectConfigurator - Adding resource folder /HibernatePract/src/main/resources
2024-07-31 15:29:39,090 [Worker-63: Updating Maven Project] INFO  o.e.m.j.i.AbstractJavaProjectConfigurator - Adding source folder /HibernatePract/src/test/java
2024-07-31 15:29:39,091 [Worker-63: Updating Maven Project] INFO  o.e.m.j.i.AbstractJavaProjectConfigurator - Adding resource folder /HibernatePract/src/test/resources
2024-07-31 15:29:39,189 [Worker-63: Updating Maven Project] INFO  o.e.m.c.i.p.ProjectConfigurationManager - Update completed for 1 poms: local refresh takes 0.00 sec, refresh facades takes 0.00 sec, update config takes 0.00 sec 
2024-07-31 15:29:39,343 [Worker-59: Building] INFO  o.a.m.s.f.DefaultMavenResourcesFiltering - skip non existing resourceDirectory C:\Users\Amit\Desktop\JAVA_Work\hibernate_project_1\HibernatePract\src\main\resources
2024-07-31 15:29:39,346 [Worker-59: Building] INFO  o.a.m.s.f.DefaultMavenResourcesFiltering - skip non existing resourceDirectory C:\Users\Amit\Desktop\JAVA_Work\hibernate_project_1\HibernatePract\src\test\resources
2024-07-31 15:29:45,146 [Worker-60: Launching App] INFO  o.a.m.s.f.DefaultMavenResourcesFiltering - skip non existing resourceDirectory C:\Users\Amit\Desktop\JAVA_Work\hibernate_project_1\HibernatePract\src\main\resources
2024-07-31 15:29:45,149 [Worker-60: Launching App] INFO  o.a.m.s.f.DefaultMavenResourcesFiltering - skip non existing resourceDirectory C:\Users\Amit\Desktop\JAVA_Work\hibernate_project_1\HibernatePract\src\test\resources
2024-07-31 15:41:56,275 [Worker-61: Building] INFO  o.a.m.s.f.DefaultMavenResourcesFiltering - skip non existing resourceDirectory C:\Users\Amit\Desktop\JAVA_Work\hibernate_project_1\HibernatePract\src\main\resources
2024-07-31 15:41:56,277 [Worker-61: Building] INFO  o.a.m.s.f.DefaultMavenResourcesFiltering - skip non existing resourceDirectory C:\Users\Amit\Desktop\JAVA_Work\hibernate_project_1\HibernatePract\src\test\resources
2024-07-31 15:42:19,378 [Worker-68: Building] INFO  o.a.m.s.f.DefaultMavenResourcesFiltering - skip non existing resourceDirectory C:\Users\Amit\Desktop\JAVA_Work\hibernate_project_1\HibernatePract\src\main\resources
2024-07-31 15:42:19,379 [Worker-68: Building] INFO  o.a.m.s.f.DefaultMavenResourcesFiltering - skip non existing resourceDirectory C:\Users\Amit\Desktop\JAVA_Work\hibernate_project_1\HibernatePract\src\test\resources
2024-07-31 15:44:27,267 [Worker-67: Building] INFO  o.a.m.s.f.DefaultMavenResourcesFiltering - skip non existing resourceDirectory C:\Users\Amit\Desktop\JAVA_Work\hibernate_project_1\HibernatePract\src\main\resources
2024-07-31 15:44:27,269 [Worker-67: Building] INFO  o.a.m.s.f.DefaultMavenResourcesFiltering - skip non existing resourceDirectory C:\Users\Amit\Desktop\JAVA_Work\hibernate_project_1\HibernatePract\src\test\resources
2024-07-31 15:45:49,744 [Worker-73: Building] INFO  o.a.m.s.f.DefaultMavenResourcesFiltering - skip non existing resourceDirectory C:\Users\Amit\Desktop\JAVA_Work\hibernate_project_1\HibernatePract\src\main\resources
2024-07-31 15:45:49,745 [Worker-73: Building] INFO  o.a.m.s.f.DefaultMavenResourcesFiltering - skip non existing resourceDirectory C:\Users\Amit\Desktop\JAVA_Work\hibernate_project_1\HibernatePract\src\test\resources
2024-07-31 15:45:54,451 [Worker-70: Building] INFO  o.a.m.s.f.DefaultMavenResourcesFiltering - skip non existing resourceDirectory C:\Users\Amit\Desktop\JAVA_Work\hibernate_project_1\HibernatePract\src\main\resources
2024-07-31 15:45:54,451 [Worker-70: Building] INFO  o.a.m.s.f.DefaultMavenResourcesFiltering - skip non existing resourceDirectory C:\Users\Amit\Desktop\JAVA_Work\hibernate_project_1\HibernatePract\src\test\resources
2024-08-01 08:51:08,513 [Worker-4: Loading available Gradle versions] INFO  o.e.b.c.i.u.g.PublishedGradleVersions - Gradle version information cache is up-to-date. Trying to read.
2024-08-01 08:52:57,863 [Worker-9: Building] INFO  o.a.m.s.f.DefaultMavenResourcesFiltering - skip non existing resourceDirectory C:\Users\Amit\Desktop\JAVA_Work\hibernate_project_1\HibernatePract\src\main\resources
2024-08-01 08:52:57,875 [Worker-9: Building] INFO  o.a.m.s.f.DefaultMavenResourcesFiltering - skip non existing resourceDirectory C:\Users\Amit\Desktop\JAVA_Work\hibernate_project_1\HibernatePract\src\test\resources
2024-08-01 08:54:06,546 [Worker-1: Building] INFO  o.a.m.s.f.DefaultMavenResourcesFiltering - skip non existing resourceDirectory C:\Users\Amit\Desktop\JAVA_Work\hibernate_project_1\HibernatePract\src\main\resources
2024-08-01 08:54:06,550 [Worker-1: Building] INFO  o.a.m.s.f.DefaultMavenResourcesFiltering - skip non existing resourceDirectory C:\Users\Amit\Desktop\JAVA_Work\hibernate_project_1\HibernatePract\src\test\resources
2024-08-01 08:54:13,345 [Worker-0: Building] INFO  o.a.m.s.f.DefaultMavenResourcesFiltering - skip non existing resourceDirectory C:\Users\Amit\Desktop\JAVA_Work\hibernate_project_1\HibernatePract\src\main\resources
2024-08-01 08:54:13,348 [Worker-0: Building] INFO  o.a.m.s.f.DefaultMavenResourcesFiltering - skip non existing resourceDirectory C:\Users\Amit\Desktop\JAVA_Work\hibernate_project_1\HibernatePract\src\test\resources
2024-08-01 08:54:54,878 [Worker-9: Building] INFO  o.a.m.s.f.DefaultMavenResourcesFiltering - skip non existing resourceDirectory C:\Users\Amit\Desktop\JAVA_Work\hibernate_project_1\HibernatePract\src\main\resources
2024-08-01 08:54:54,883 [Worker-9: Building] INFO  o.a.m.s.f.DefaultMavenResourcesFiltering - skip non existing resourceDirectory C:\Users\Amit\Desktop\JAVA_Work\hibernate_project_1\HibernatePract\src\test\resources
2024-08-01 08:55:13,465 [Worker-12: Building] INFO  o.a.m.s.f.DefaultMavenResourcesFiltering - skip non existing resourceDirectory C:\Users\Amit\Desktop\JAVA_Work\hibernate_project_1\HibernatePract\src\main\resources
2024-08-01 08:55:13,469 [Worker-12: Building] INFO  o.a.m.s.f.DefaultMavenResourcesFiltering - skip non existing resourceDirectory C:\Users\Amit\Desktop\JAVA_Work\hibernate_project_1\HibernatePract\src\test\resources
2024-08-01 09:34:02,132 [Worker-1: Loading available Gradle versions] INFO  o.e.b.c.i.u.g.PublishedGradleVersions - Gradle version information cache is up-to-date. Trying to read.
2024-08-01 09:34:40,095 [Worker-0: Building] INFO  o.a.m.s.f.DefaultMavenResourcesFiltering - skip non existing resourceDirectory C:\Users\Amit\Desktop\JAVA_Work\hibernate_project_1\HibernatePract\src\main\resources
2024-08-01 09:34:40,100 [Worker-0: Building] INFO  o.a.m.s.f.DefaultMavenResourcesFiltering - skip non existing resourceDirectory C:\Users\Amit\Desktop\JAVA_Work\hibernate_project_1\HibernatePract\src\test\resources
2024-08-01 09:39:38,034 [Worker-14: Building] INFO  o.a.m.s.f.DefaultMavenResourcesFiltering - skip non existing resourceDirectory C:\Users\Amit\Desktop\JAVA_Work\hibernate_project_1\HibernatePract\src\main\resources
2024-08-01 09:39:38,037 [Worker-14: Building] INFO  o.a.m.s.f.DefaultMavenResourcesFiltering - skip non existing resourceDirectory C:\Users\Amit\Desktop\JAVA_Work\hibernate_project_1\HibernatePract\src\test\resources
2024-08-01 09:40:04,237 [Worker-15: Building] INFO  o.a.m.s.f.DefaultMavenResourcesFiltering - skip non existing resourceDirectory C:\Users\Amit\Desktop\JAVA_Work\hibernate_project_1\HibernatePract\src\main\resources
2024-08-01 09:40:04,239 [Worker-15: Building] INFO  o.a.m.s.f.DefaultMavenResourcesFiltering - skip non existing resourceDirectory C:\Users\Amit\Desktop\JAVA_Work\hibernate_project_1\HibernatePract\src\test\resources
2024-08-01 09:40:22,471 [Worker-1: Building] INFO  o.a.m.s.f.DefaultMavenResourcesFiltering - skip non existing resourceDirectory C:\Users\Amit\Desktop\JAVA_Work\hibernate_project_1\HibernatePract\src\main\resources
2024-08-01 09:40:22,474 [Worker-1: Building] INFO  o.a.m.s.f.DefaultMavenResourcesFiltering - skip non existing resourceDirectory C:\Users\Amit\Desktop\JAVA_Work\hibernate_project_1\HibernatePract\src\test\resources
2024-08-01 09:41:02,502 [Worker-13: Building] INFO  o.a.m.s.f.DefaultMavenResourcesFiltering - skip non existing resourceDirectory C:\Users\Amit\Desktop\JAVA_Work\hibernate_project_1\HibernatePract\src\main\resources
2024-08-01 09:41:02,504 [Worker-13: Building] INFO  o.a.m.s.f.DefaultMavenResourcesFiltering - skip non existing resourceDirectory C:\Users\Amit\Desktop\JAVA_Work\hibernate_project_1\HibernatePract\src\test\resources
2024-08-01 09:41:55,656 [Worker-1: Building] INFO  o.a.m.s.f.DefaultMavenResourcesFiltering - skip non existing resourceDirectory C:\Users\Amit\Desktop\JAVA_Work\hibernate_project_1\HibernatePract\src\main\resources
2024-08-01 09:41:55,658 [Worker-1: Building] INFO  o.a.m.s.f.DefaultMavenResourcesFiltering - skip non existing resourceDirectory C:\Users\Amit\Desktop\JAVA_Work\hibernate_project_1\HibernatePract\src\test\resources
2024-08-01 09:42:13,043 [Worker-1: Building] INFO  o.a.m.s.f.DefaultMavenResourcesFiltering - skip non existing resourceDirectory C:\Users\Amit\Desktop\JAVA_Work\hibernate_project_1\HibernatePract\src\main\resources
2024-08-01 09:42:13,045 [Worker-1: Building] INFO  o.a.m.s.f.DefaultMavenResourcesFiltering - skip non existing resourceDirectory C:\Users\Amit\Desktop\JAVA_Work\hibernate_project_1\HibernatePract\src\test\resources
2024-08-01 09:42:25,210 [Worker-14: Building] INFO  o.a.m.s.f.DefaultMavenResourcesFiltering - skip non existing resourceDirectory C:\Users\Amit\Desktop\JAVA_Work\hibernate_project_1\HibernatePract\src\main\resources
2024-08-01 09:42:25,212 [Worker-14: Building] INFO  o.a.m.s.f.DefaultMavenResourcesFiltering - skip non existing resourceDirectory C:\Users\Amit\Desktop\JAVA_Work\hibernate_project_1\HibernatePract\src\test\resources
2024-08-01 09:45:01,876 [Worker-16: Building] INFO  o.a.m.s.f.DefaultMavenResourcesFiltering - skip non existing resourceDirectory C:\Users\Amit\Desktop\JAVA_Work\hibernate_project_1\HibernatePract\src\main\resources
2024-08-01 09:45:01,878 [Worker-16: Building] INFO  o.a.m.s.f.DefaultMavenResourcesFiltering - skip non existing resourceDirectory C:\Users\Amit\Desktop\JAVA_Work\hibernate_project_1\HibernatePract\src\test\resources
2024-08-01 09:45:36,994 [Worker-16: Building] INFO  o.a.m.s.f.DefaultMavenResourcesFiltering - skip non existing resourceDirectory C:\Users\Amit\Desktop\JAVA_Work\hibernate_project_1\HibernatePract\src\main\resources
2024-08-01 09:45:36,996 [Worker-16: Building] INFO  o.a.m.s.f.DefaultMavenResourcesFiltering - skip non existing resourceDirectory C:\Users\Amit\Desktop\JAVA_Work\hibernate_project_1\HibernatePract\src\test\resources
2024-08-01 09:45:58,570 [Worker-14: Building] INFO  o.a.m.s.f.DefaultMavenResourcesFiltering - skip non existing resourceDirectory C:\Users\Amit\Desktop\JAVA_Work\hibernate_project_1\HibernatePract\src\main\resources
2024-08-01 09:45:58,572 [Worker-14: Building] INFO  o.a.m.s.f.DefaultMavenResourcesFiltering - skip non existing resourceDirectory C:\Users\Amit\Desktop\JAVA_Work\hibernate_project_1\HibernatePract\src\test\resources
2024-08-01 09:47:33,962 [Worker-18: Building] INFO  o.a.m.s.f.DefaultMavenResourcesFiltering - skip non existing resourceDirectory C:\Users\Amit\Desktop\JAVA_Work\hibernate_project_1\HibernatePract\src\main\resources
2024-08-01 09:47:33,965 [Worker-18: Building] INFO  o.a.m.s.f.DefaultMavenResourcesFiltering - skip non existing resourceDirectory C:\Users\Amit\Desktop\JAVA_Work\hibernate_project_1\HibernatePract\src\test\resources
2024-08-01 09:47:50,404 [Worker-2: Loading available Gradle versions] INFO  o.e.b.c.i.u.g.PublishedGradleVersions - Gradle version information cache is up-to-date. Trying to read.
2024-08-01 09:49:37,748 [Worker-6: Building] INFO  o.a.m.s.f.DefaultMavenResourcesFiltering - skip non existing resourceDirectory C:\Users\Amit\Desktop\JAVA_Work\hibernate_project_1\HibernatePract\src\main\resources
2024-08-01 09:49:37,753 [Worker-6: Building] INFO  o.a.m.s.f.DefaultMavenResourcesFiltering - skip non existing resourceDirectory C:\Users\Amit\Desktop\JAVA_Work\hibernate_project_1\HibernatePract\src\test\resources
2024-08-01 09:50:28,609 [Worker-7: Building] INFO  o.a.m.s.f.DefaultMavenResourcesFiltering - skip non existing resourceDirectory C:\Users\Amit\Desktop\JAVA_Work\hibernate_project_1\HibernatePract\src\main\resources
2024-08-01 09:50:28,611 [Worker-7: Building] INFO  o.a.m.s.f.DefaultMavenResourcesFiltering - skip non existing resourceDirectory C:\Users\Amit\Desktop\JAVA_Work\hibernate_project_1\HibernatePract\src\test\resources
2024-08-01 09:50:42,598 [Worker-12: Launching App] INFO  o.a.m.s.f.DefaultMavenResourcesFiltering - skip non existing resourceDirectory C:\Users\Amit\Desktop\JAVA_Work\hibernate_project_1\HibernatePract\src\main\resources
2024-08-01 09:50:42,602 [Worker-12: Launching App] INFO  o.a.m.s.f.DefaultMavenResourcesFiltering - skip non existing resourceDirectory C:\Users\Amit\Desktop\JAVA_Work\hibernate_project_1\HibernatePract\src\test\resources
2024-08-01 09:52:45,909 [Worker-20: Building] INFO  o.a.m.s.f.DefaultMavenResourcesFiltering - skip non existing resourceDirectory C:\Users\Amit\Desktop\JAVA_Work\hibernate_project_1\HibernatePract\src\main\resources
2024-08-01 09:52:45,911 [Worker-20: Building] INFO  o.a.m.s.f.DefaultMavenResourcesFiltering - skip non existing resourceDirectory C:\Users\Amit\Desktop\JAVA_Work\hibernate_project_1\HibernatePract\src\test\resources
2024-08-01 10:04:47,822 [Worker-23: Building] INFO  o.a.m.s.f.DefaultMavenResourcesFiltering - skip non existing resourceDirectory C:\Users\Amit\Desktop\JAVA_Work\hibernate_project_1\HibernatePract\src\main\resources
2024-08-01 10:04:47,824 [Worker-23: Building] INFO  o.a.m.s.f.DefaultMavenResourcesFiltering - skip non existing resourceDirectory C:\Users\Amit\Desktop\JAVA_Work\hibernate_project_1\HibernatePract\src\test\resources
2024-08-01 10:09:57,642 [Worker-19: Building] INFO  o.a.m.s.f.DefaultMavenResourcesFiltering - skip non existing resourceDirectory C:\Users\Amit\Desktop\JAVA_Work\hibernate_project_1\HibernatePract\src\main\resources
2024-08-01 10:09:57,644 [Worker-19: Building] INFO  o.a.m.s.f.DefaultMavenResourcesFiltering - skip non existing resourceDirectory C:\Users\Amit\Desktop\JAVA_Work\hibernate_project_1\HibernatePract\src\test\resources
2024-08-01 10:11:44,268 [Worker-19: Building] INFO  o.a.m.s.f.DefaultMavenResourcesFiltering - skip non existing resourceDirectory C:\Users\Amit\Desktop\JAVA_Work\hibernate_project_1\HibernatePract\src\main\resources
2024-08-01 10:11:44,269 [Worker-19: Building] INFO  o.a.m.s.f.DefaultMavenResourcesFiltering - skip non existing resourceDirectory C:\Users\Amit\Desktop\JAVA_Work\hibernate_project_1\HibernatePract\src\test\resources
2024-08-01 10:12:03,755 [Worker-26: Building] INFO  o.a.m.s.f.DefaultMavenResourcesFiltering - skip non existing resourceDirectory C:\Users\Amit\Desktop\JAVA_Work\hibernate_project_1\HibernatePract\src\main\resources
2024-08-01 10:12:03,756 [Worker-26: Building] INFO  o.a.m.s.f.DefaultMavenResourcesFiltering - skip non existing resourceDirectory C:\Users\Amit\Desktop\JAVA_Work\hibernate_project_1\HibernatePract\src\test\resources
2024-08-01 10:18:03,784 [Worker-28: Building] INFO  o.a.m.s.f.DefaultMavenResourcesFiltering - skip non existing resourceDirectory C:\Users\Amit\Desktop\JAVA_Work\hibernate_project_1\HibernatePract\src\main\resources
2024-08-01 10:18:03,785 [Worker-28: Building] INFO  o.a.m.s.f.DefaultMavenResourcesFiltering - skip non existing resourceDirectory C:\Users\Amit\Desktop\JAVA_Work\hibernate_project_1\HibernatePract\src\test\resources
2024-08-01 10:18:33,113 [Worker-28: Building] INFO  o.a.m.s.f.DefaultMavenResourcesFiltering - skip non existing resourceDirectory C:\Users\Amit\Desktop\JAVA_Work\hibernate_project_1\HibernatePract\src\main\resources
2024-08-01 10:18:33,114 [Worker-28: Building] INFO  o.a.m.s.f.DefaultMavenResourcesFiltering - skip non existing resourceDirectory C:\Users\Amit\Desktop\JAVA_Work\hibernate_project_1\HibernatePract\src\test\resources
2024-08-01 10:20:13,699 [Worker-27: Building] INFO  o.a.m.s.f.DefaultMavenResourcesFiltering - skip non existing resourceDirectory C:\Users\Amit\Desktop\JAVA_Work\hibernate_project_1\HibernatePract\src\main\resources
2024-08-01 10:20:13,702 [Worker-27: Building] INFO  o.a.m.s.f.DefaultMavenResourcesFiltering - skip non existing resourceDirectory C:\Users\Amit\Desktop\JAVA_Work\hibernate_project_1\HibernatePract\src\test\resources
2024-08-01 10:20:51,334 [Worker-27: Building] INFO  o.a.m.s.f.DefaultMavenResourcesFiltering - skip non existing resourceDirectory C:\Users\Amit\Desktop\JAVA_Work\hibernate_project_1\HibernatePract\src\main\resources
2024-08-01 10:20:51,336 [Worker-27: Building] INFO  o.a.m.s.f.DefaultMavenResourcesFiltering - skip non existing resourceDirectory C:\Users\Amit\Desktop\JAVA_Work\hibernate_project_1\HibernatePract\src\test\resources
2024-08-01 10:21:17,790 [Worker-32: Building] INFO  o.a.m.s.f.DefaultMavenResourcesFiltering - skip non existing resourceDirectory C:\Users\Amit\Desktop\JAVA_Work\hibernate_project_1\HibernatePract\src\main\resources
2024-08-01 10:21:17,792 [Worker-32: Building] INFO  o.a.m.s.f.DefaultMavenResourcesFiltering - skip non existing resourceDirectory C:\Users\Amit\Desktop\JAVA_Work\hibernate_project_1\HibernatePract\src\test\resources
2024-08-01 10:22:00,229 [Worker-26: Building] INFO  o.a.m.s.f.DefaultMavenResourcesFiltering - skip non existing resourceDirectory C:\Users\Amit\Desktop\JAVA_Work\hibernate_project_1\HibernatePract\src\main\resources
2024-08-01 10:22:00,231 [Worker-26: Building] INFO  o.a.m.s.f.DefaultMavenResourcesFiltering - skip non existing resourceDirectory C:\Users\Amit\Desktop\JAVA_Work\hibernate_project_1\HibernatePract\src\test\resources
2024-08-01 10:22:11,438 [Worker-33: Building] INFO  o.a.m.s.f.DefaultMavenResourcesFiltering - skip non existing resourceDirectory C:\Users\Amit\Desktop\JAVA_Work\hibernate_project_1\HibernatePract\src\main\resources
2024-08-01 10:22:11,439 [Worker-33: Building] INFO  o.a.m.s.f.DefaultMavenResourcesFiltering - skip non existing resourceDirectory C:\Users\Amit\Desktop\JAVA_Work\hibernate_project_1\HibernatePract\src\test\resources
2024-08-01 10:27:36,394 [Worker-35: Building] INFO  o.a.m.s.f.DefaultMavenResourcesFiltering - skip non existing resourceDirectory C:\Users\Amit\Desktop\JAVA_Work\hibernate_project_1\HibernatePract\src\main\resources
2024-08-01 10:27:36,396 [Worker-35: Building] INFO  o.a.m.s.f.DefaultMavenResourcesFiltering - skip non existing resourceDirectory C:\Users\Amit\Desktop\JAVA_Work\hibernate_project_1\HibernatePract\src\test\resources
2024-08-01 10:28:34,803 [Worker-34: Building] INFO  o.a.m.s.f.DefaultMavenResourcesFiltering - skip non existing resourceDirectory C:\Users\Amit\Desktop\JAVA_Work\hibernate_project_1\HibernatePract\src\main\resources
2024-08-01 10:28:34,804 [Worker-34: Building] INFO  o.a.m.s.f.DefaultMavenResourcesFiltering - skip non existing resourceDirectory C:\Users\Amit\Desktop\JAVA_Work\hibernate_project_1\HibernatePract\src\test\resources
2024-08-01 10:28:46,440 [Worker-37: Building] INFO  o.a.m.s.f.DefaultMavenResourcesFiltering - skip non existing resourceDirectory C:\Users\Amit\Desktop\JAVA_Work\hibernate_project_1\HibernatePract\src\main\resources
2024-08-01 10:28:46,442 [Worker-37: Building] INFO  o.a.m.s.f.DefaultMavenResourcesFiltering - skip non existing resourceDirectory C:\Users\Amit\Desktop\JAVA_Work\hibernate_project_1\HibernatePract\src\test\resources
2024-08-01 10:30:52,819 [Worker-35: Building] INFO  o.a.m.s.f.DefaultMavenResourcesFiltering - skip non existing resourceDirectory C:\Users\Amit\Desktop\JAVA_Work\hibernate_project_1\HibernatePract\src\main\resources
2024-08-01 10:30:52,821 [Worker-35: Building] INFO  o.a.m.s.f.DefaultMavenResourcesFiltering - skip non existing resourceDirectory C:\Users\Amit\Desktop\JAVA_Work\hibernate_project_1\HibernatePract\src\test\resources
2024-08-01 10:40:54,397 [Worker-39: Building] INFO  o.a.m.s.f.DefaultMavenResourcesFiltering - skip non existing resourceDirectory C:\Users\Amit\Desktop\JAVA_Work\hibernate_project_1\HibernatePract\src\main\resources
2024-08-01 10:40:54,399 [Worker-39: Building] INFO  o.a.m.s.f.DefaultMavenResourcesFiltering - skip non existing resourceDirectory C:\Users\Amit\Desktop\JAVA_Work\hibernate_project_1\HibernatePract\src\test\resources
2024-08-01 10:49:40,692 [Worker-44: Building] INFO  o.a.m.s.f.DefaultMavenResourcesFiltering - skip non existing resourceDirectory C:\Users\Amit\Desktop\JAVA_Work\hibernate_project_1\HibernatePract\src\main\resources
2024-08-01 10:49:40,694 [Worker-44: Building] INFO  o.a.m.s.f.DefaultMavenResourcesFiltering - skip non existing resourceDirectory C:\Users\Amit\Desktop\JAVA_Work\hibernate_project_1\HibernatePract\src\test\resources
2024-08-01 10:49:52,354 [Worker-43: Building] INFO  o.a.m.s.f.DefaultMavenResourcesFiltering - skip non existing resourceDirectory C:\Users\Amit\Desktop\JAVA_Work\hibernate_project_1\HibernatePract\src\main\resources
2024-08-01 10:49:52,356 [Worker-43: Building] INFO  o.a.m.s.f.DefaultMavenResourcesFiltering - skip non existing resourceDirectory C:\Users\Amit\Desktop\JAVA_Work\hibernate_project_1\HibernatePract\src\test\resources
2024-08-01 10:51:24,872 [Worker-47: Building] INFO  o.a.m.s.f.DefaultMavenResourcesFiltering - skip non existing resourceDirectory C:\Users\Amit\Desktop\JAVA_Work\hibernate_project_1\HibernatePract\src\main\resources
2024-08-01 10:51:24,874 [Worker-47: Building] INFO  o.a.m.s.f.DefaultMavenResourcesFiltering - skip non existing resourceDirectory C:\Users\Amit\Desktop\JAVA_Work\hibernate_project_1\HibernatePract\src\test\resources
2024-08-01 10:52:01,300 [Worker-46: Building] INFO  o.a.m.s.f.DefaultMavenResourcesFiltering - skip non existing resourceDirectory C:\Users\Amit\Desktop\JAVA_Work\hibernate_project_1\HibernatePract\src\main\resources
2024-08-01 10:52:01,302 [Worker-46: Building] INFO  o.a.m.s.f.DefaultMavenResourcesFiltering - skip non existing resourceDirectory C:\Users\Amit\Desktop\JAVA_Work\hibernate_project_1\HibernatePract\src\test\resources
2024-08-01 12:11:59,208 [Worker-64: Building] INFO  o.a.m.s.f.DefaultMavenResourcesFiltering - skip non existing resourceDirectory C:\Users\Amit\Desktop\JAVA_Work\hibernate_project_1\HibernatePract\src\main\resources
2024-08-01 12:11:59,211 [Worker-64: Building] INFO  o.a.m.s.f.DefaultMavenResourcesFiltering - skip non existing resourceDirectory C:\Users\Amit\Desktop\JAVA_Work\hibernate_project_1\HibernatePract\src\test\resources
2024-08-01 12:30:56,827 [Worker-74: Building] INFO  o.a.m.s.f.DefaultMavenResourcesFiltering - skip non existing resourceDirectory C:\Users\Amit\Desktop\JAVA_Work\hibernate_project_1\HibernatePract\src\main\resources
2024-08-01 12:30:56,829 [Worker-74: Building] INFO  o.a.m.s.f.DefaultMavenResourcesFiltering - skip non existing resourceDirectory C:\Users\Amit\Desktop\JAVA_Work\hibernate_project_1\HibernatePract\src\test\resources
2024-08-01 12:34:10,810 [Worker-81: Building] INFO  o.a.m.s.f.DefaultMavenResourcesFiltering - skip non existing resourceDirectory C:\Users\Amit\Desktop\JAVA_Work\hibernate_project_1\HibernatePract\src\main\resources
2024-08-01 12:34:10,813 [Worker-81: Building] INFO  o.a.m.s.f.DefaultMavenResourcesFiltering - skip non existing resourceDirectory C:\Users\Amit\Desktop\JAVA_Work\hibernate_project_1\HibernatePract\src\test\resources
2024-08-01 12:34:50,197 [Worker-84: Building] INFO  o.a.m.s.f.DefaultMavenResourcesFiltering - skip non existing resourceDirectory C:\Users\Amit\Desktop\JAVA_Work\hibernate_project_1\HibernatePract\src\main\resources
2024-08-01 12:34:50,198 [Worker-84: Building] INFO  o.a.m.s.f.DefaultMavenResourcesFiltering - skip non existing resourceDirectory C:\Users\Amit\Desktop\JAVA_Work\hibernate_project_1\HibernatePract\src\test\resources
2024-08-01 12:35:23,867 [Worker-83: Building] INFO  o.a.m.s.f.DefaultMavenResourcesFiltering - skip non existing resourceDirectory C:\Users\Amit\Desktop\JAVA_Work\hibernate_project_1\HibernatePract\src\main\resources
2024-08-01 12:35:23,870 [Worker-83: Building] INFO  o.a.m.s.f.DefaultMavenResourcesFiltering - skip non existing resourceDirectory C:\Users\Amit\Desktop\JAVA_Work\hibernate_project_1\HibernatePract\src\test\resources
2024-08-01 12:36:35,784 [Worker-85: Building] INFO  o.a.m.s.f.DefaultMavenResourcesFiltering - skip non existing resourceDirectory C:\Users\Amit\Desktop\JAVA_Work\hibernate_project_1\HibernatePract\src\main\resources
2024-08-01 12:36:35,786 [Worker-85: Building] INFO  o.a.m.s.f.DefaultMavenResourcesFiltering - skip non existing resourceDirectory C:\Users\Amit\Desktop\JAVA_Work\hibernate_project_1\HibernatePract\src\test\resources
2024-08-01 12:36:44,563 [Worker-85: Building] INFO  o.a.m.s.f.DefaultMavenResourcesFiltering - skip non existing resourceDirectory C:\Users\Amit\Desktop\JAVA_Work\hibernate_project_1\HibernatePract\src\main\resources
2024-08-01 12:36:44,565 [Worker-85: Building] INFO  o.a.m.s.f.DefaultMavenResourcesFiltering - skip non existing resourceDirectory C:\Users\Amit\Desktop\JAVA_Work\hibernate_project_1\HibernatePract\src\test\resources
2024-08-01 12:36:53,161 [Worker-83: Building] INFO  o.a.m.s.f.DefaultMavenResourcesFiltering - skip non existing resourceDirectory C:\Users\Amit\Desktop\JAVA_Work\hibernate_project_1\HibernatePract\src\main\resources
2024-08-01 12:36:53,163 [Worker-83: Building] INFO  o.a.m.s.f.DefaultMavenResourcesFiltering - skip non existing resourceDirectory C:\Users\Amit\Desktop\JAVA_Work\hibernate_project_1\HibernatePract\src\test\resources
2024-08-01 12:37:20,894 [Worker-79: Building] INFO  o.a.m.s.f.DefaultMavenResourcesFiltering - skip non existing resourceDirectory C:\Users\Amit\Desktop\JAVA_Work\hibernate_project_1\HibernatePract\src\main\resources
2024-08-01 12:37:20,895 [Worker-79: Building] INFO  o.a.m.s.f.DefaultMavenResourcesFiltering - skip non existing resourceDirectory C:\Users\Amit\Desktop\JAVA_Work\hibernate_project_1\HibernatePract\src\test\resources
2024-08-01 12:38:05,497 [Worker-84: Building] INFO  o.a.m.s.f.DefaultMavenResourcesFiltering - skip non existing resourceDirectory C:\Users\Amit\Desktop\JAVA_Work\hibernate_project_1\HibernatePract\src\main\resources
2024-08-01 12:38:05,499 [Worker-84: Building] INFO  o.a.m.s.f.DefaultMavenResourcesFiltering - skip non existing resourceDirectory C:\Users\Amit\Desktop\JAVA_Work\hibernate_project_1\HibernatePract\src\test\resources
2024-08-01 12:38:40,588 [Worker-79: Building] INFO  o.a.m.s.f.DefaultMavenResourcesFiltering - skip non existing resourceDirectory C:\Users\Amit\Desktop\JAVA_Work\hibernate_project_1\HibernatePract\src\main\resources
2024-08-01 12:38:40,589 [Worker-79: Building] INFO  o.a.m.s.f.DefaultMavenResourcesFiltering - skip non existing resourceDirectory C:\Users\Amit\Desktop\JAVA_Work\hibernate_project_1\HibernatePract\src\test\resources
2024-08-01 12:39:09,488 [Worker-79: Building] INFO  o.a.m.s.f.DefaultMavenResourcesFiltering - skip non existing resourceDirectory C:\Users\Amit\Desktop\JAVA_Work\hibernate_project_1\HibernatePract\src\main\resources
2024-08-01 12:39:09,489 [Worker-79: Building] INFO  o.a.m.s.f.DefaultMavenResourcesFiltering - skip non existing resourceDirectory C:\Users\Amit\Desktop\JAVA_Work\hibernate_project_1\HibernatePract\src\test\resources
2024-08-01 14:10:54,857 [Worker-88: Building] INFO  o.a.m.s.f.DefaultMavenResourcesFiltering - skip non existing resourceDirectory C:\Users\Amit\Desktop\JAVA_Work\hibernate_project_1\HibernatePract\src\main\resources
2024-08-01 14:10:54,861 [Worker-88: Building] INFO  o.a.m.s.f.DefaultMavenResourcesFiltering - skip non existing resourceDirectory C:\Users\Amit\Desktop\JAVA_Work\hibernate_project_1\HibernatePract\src\test\resources
2024-08-01 14:13:20,541 [Worker-87: Building] INFO  o.a.m.s.f.DefaultMavenResourcesFiltering - skip non existing resourceDirectory C:\Users\Amit\Desktop\JAVA_Work\hibernate_project_1\HibernatePract\src\main\resources
2024-08-01 14:13:20,543 [Worker-87: Building] INFO  o.a.m.s.f.DefaultMavenResourcesFiltering - skip non existing resourceDirectory C:\Users\Amit\Desktop\JAVA_Work\hibernate_project_1\HibernatePract\src\test\resources
2024-08-01 15:28:01,341 [Worker-92: Building] INFO  o.a.m.s.f.DefaultMavenResourcesFiltering - skip non existing resourceDirectory C:\Users\Amit\Desktop\JAVA_Work\hibernate_project_1\HibernatePract\src\main\resources
2024-08-01 15:28:01,345 [Worker-92: Building] INFO  o.a.m.s.f.DefaultMavenResourcesFiltering - skip non existing resourceDirectory C:\Users\Amit\Desktop\JAVA_Work\hibernate_project_1\HibernatePract\src\test\resources
2024-08-01 15:28:06,078 [Worker-88: Building] INFO  o.a.m.s.f.DefaultMavenResourcesFiltering - skip non existing resourceDirectory C:\Users\Amit\Desktop\JAVA_Work\hibernate_project_1\HibernatePract\src\main\resources
2024-08-01 15:28:06,080 [Worker-88: Building] INFO  o.a.m.s.f.DefaultMavenResourcesFiltering - skip non existing resourceDirectory C:\Users\Amit\Desktop\JAVA_Work\hibernate_project_1\HibernatePract\src\test\resources
2024-08-01 15:28:16,933 [Worker-94: Building] INFO  o.a.m.s.f.DefaultMavenResourcesFiltering - skip non existing resourceDirectory C:\Users\Amit\Desktop\JAVA_Work\hibernate_project_1\HibernatePract\src\main\resources
2024-08-01 15:28:16,935 [Worker-94: Building] INFO  o.a.m.s.f.DefaultMavenResourcesFiltering - skip non existing resourceDirectory C:\Users\Amit\Desktop\JAVA_Work\hibernate_project_1\HibernatePract\src\test\resources
2024-08-01 15:29:03,934 [Worker-96: Building] INFO  o.a.m.s.f.DefaultMavenResourcesFiltering - skip non existing resourceDirectory C:\Users\Amit\Desktop\JAVA_Work\hibernate_project_1\HibernatePract\src\main\resources
2024-08-01 15:29:03,936 [Worker-96: Building] INFO  o.a.m.s.f.DefaultMavenResourcesFiltering - skip non existing resourceDirectory C:\Users\Amit\Desktop\JAVA_Work\hibernate_project_1\HibernatePract\src\test\resources
2024-08-01 15:29:11,844 [Worker-86: Building] INFO  o.a.m.s.f.DefaultMavenResourcesFiltering - skip non existing resourceDirectory C:\Users\Amit\Desktop\JAVA_Work\hibernate_project_1\HibernatePract\src\main\resources
2024-08-01 15:29:11,846 [Worker-86: Building] INFO  o.a.m.s.f.DefaultMavenResourcesFiltering - skip non existing resourceDirectory C:\Users\Amit\Desktop\JAVA_Work\hibernate_project_1\HibernatePract\src\test\resources
2024-08-01 15:29:40,913 [Worker-86: Building] INFO  o.a.m.s.f.DefaultMavenResourcesFiltering - skip non existing resourceDirectory C:\Users\Amit\Desktop\JAVA_Work\hibernate_project_1\HibernatePract\src\main\resources
2024-08-01 15:29:40,914 [Worker-86: Building] INFO  o.a.m.s.f.DefaultMavenResourcesFiltering - skip non existing resourceDirectory C:\Users\Amit\Desktop\JAVA_Work\hibernate_project_1\HibernatePract\src\test\resources
2024-08-01 15:29:53,762 [Worker-86: Building] INFO  o.a.m.s.f.DefaultMavenResourcesFiltering - skip non existing resourceDirectory C:\Users\Amit\Desktop\JAVA_Work\hibernate_project_1\HibernatePract\src\main\resources
2024-08-01 15:29:53,764 [Worker-86: Building] INFO  o.a.m.s.f.DefaultMavenResourcesFiltering - skip non existing resourceDirectory C:\Users\Amit\Desktop\JAVA_Work\hibernate_project_1\HibernatePract\src\test\resources
2024-08-01 15:30:15,027 [Worker-94: Building] INFO  o.a.m.s.f.DefaultMavenResourcesFiltering - skip non existing resourceDirectory C:\Users\Amit\Desktop\JAVA_Work\hibernate_project_1\HibernatePract\src\main\resources
2024-08-01 15:30:15,030 [Worker-94: Building] INFO  o.a.m.s.f.DefaultMavenResourcesFiltering - skip non existing resourceDirectory C:\Users\Amit\Desktop\JAVA_Work\hibernate_project_1\HibernatePract\src\test\resources
2024-08-01 15:35:43,967 [Worker-100: Building] INFO  o.a.m.s.f.DefaultMavenResourcesFiltering - skip non existing resourceDirectory C:\Users\Amit\Desktop\JAVA_Work\hibernate_project_1\HibernatePract\src\main\resources
2024-08-01 15:35:43,970 [Worker-100: Building] INFO  o.a.m.s.f.DefaultMavenResourcesFiltering - skip non existing resourceDirectory C:\Users\Amit\Desktop\JAVA_Work\hibernate_project_1\HibernatePract\src\test\resources
2024-08-01 15:36:01,266 [Worker-97: Building] INFO  o.a.m.s.f.DefaultMavenResourcesFiltering - skip non existing resourceDirectory C:\Users\Amit\Desktop\JAVA_Work\hibernate_project_1\HibernatePract\src\main\resources
2024-08-01 15:36:01,269 [Worker-97: Building] INFO  o.a.m.s.f.DefaultMavenResourcesFiltering - skip non existing resourceDirectory C:\Users\Amit\Desktop\JAVA_Work\hibernate_project_1\HibernatePract\src\test\resources
2024-08-01 15:36:12,617 [Worker-99: Building] INFO  o.a.m.s.f.DefaultMavenResourcesFiltering - skip non existing resourceDirectory C:\Users\Amit\Desktop\JAVA_Work\hibernate_project_1\HibernatePract\src\main\resources
2024-08-01 15:36:12,619 [Worker-99: Building] INFO  o.a.m.s.f.DefaultMavenResourcesFiltering - skip non existing resourceDirectory C:\Users\Amit\Desktop\JAVA_Work\hibernate_project_1\HibernatePract\src\test\resources
2024-08-01 15:37:21,393 [Worker-97: Building] INFO  o.a.m.s.f.DefaultMavenResourcesFiltering - skip non existing resourceDirectory C:\Users\Amit\Desktop\JAVA_Work\hibernate_project_1\HibernatePract\src\main\resources
2024-08-01 15:37:21,395 [Worker-97: Building] INFO  o.a.m.s.f.DefaultMavenResourcesFiltering - skip non existing resourceDirectory C:\Users\Amit\Desktop\JAVA_Work\hibernate_project_1\HibernatePract\src\test\resources
2024-08-01 15:40:13,569 [Worker-98: Building] INFO  o.a.m.s.f.DefaultMavenResourcesFiltering - skip non existing resourceDirectory C:\Users\Amit\Desktop\JAVA_Work\hibernate_project_1\HibernatePract\src\main\resources
2024-08-01 15:40:13,571 [Worker-98: Building] INFO  o.a.m.s.f.DefaultMavenResourcesFiltering - skip non existing resourceDirectory C:\Users\Amit\Desktop\JAVA_Work\hibernate_project_1\HibernatePract\src\test\resources
2024-08-01 15:40:19,226 [Worker-99: Building] INFO  o.a.m.s.f.DefaultMavenResourcesFiltering - skip non existing resourceDirectory C:\Users\Amit\Desktop\JAVA_Work\hibernate_project_1\HibernatePract\src\main\resources
2024-08-01 15:40:19,227 [Worker-99: Building] INFO  o.a.m.s.f.DefaultMavenResourcesFiltering - skip non existing resourceDirectory C:\Users\Amit\Desktop\JAVA_Work\hibernate_project_1\HibernatePract\src\test\resources
2024-08-01 16:51:57,061 [Worker-110: Building] INFO  o.a.m.s.f.DefaultMavenResourcesFiltering - skip non existing resourceDirectory C:\Users\Amit\Desktop\JAVA_Work\hibernate_project_1\HibernatePract\src\main\resources
2024-08-01 16:51:57,063 [Worker-110: Building] INFO  o.a.m.s.f.DefaultMavenResourcesFiltering - skip non existing resourceDirectory C:\Users\Amit\Desktop\JAVA_Work\hibernate_project_1\HibernatePract\src\test\resources
2024-08-01 16:52:26,680 [Worker-108: Building] INFO  o.a.m.s.f.DefaultMavenResourcesFiltering - skip non existing resourceDirectory C:\Users\Amit\Desktop\JAVA_Work\hibernate_project_1\HibernatePract\src\main\resources
2024-08-01 16:52:26,682 [Worker-108: Building] INFO  o.a.m.s.f.DefaultMavenResourcesFiltering - skip non existing resourceDirectory C:\Users\Amit\Desktop\JAVA_Work\hibernate_project_1\HibernatePract\src\test\resources
2024-08-01 17:41:07,205 [Worker-115: Building] INFO  o.a.m.s.f.DefaultMavenResourcesFiltering - skip non existing resourceDirectory C:\Users\Amit\Desktop\JAVA_Work\hibernate_project_1\HibernatePract\src\main\resources
2024-08-01 17:41:07,210 [Worker-115: Building] INFO  o.a.m.s.f.DefaultMavenResourcesFiltering - skip non existing resourceDirectory C:\Users\Amit\Desktop\JAVA_Work\hibernate_project_1\HibernatePract\src\test\resources
2024-08-01 17:43:15,037 [Worker-116: Building] INFO  o.a.m.s.f.DefaultMavenResourcesFiltering - skip non existing resourceDirectory C:\Users\Amit\Desktop\JAVA_Work\hibernate_project_1\HibernatePract\src\main\resources
2024-08-01 17:43:15,039 [Worker-116: Building] INFO  o.a.m.s.f.DefaultMavenResourcesFiltering - skip non existing resourceDirectory C:\Users\Amit\Desktop\JAVA_Work\hibernate_project_1\HibernatePract\src\test\resources
2024-08-01 17:43:39,419 [Worker-116: Building] INFO  o.a.m.s.f.DefaultMavenResourcesFiltering - skip non existing resourceDirectory C:\Users\Amit\Desktop\JAVA_Work\hibernate_project_1\HibernatePract\src\main\resources
2024-08-01 17:43:39,420 [Worker-116: Building] INFO  o.a.m.s.f.DefaultMavenResourcesFiltering - skip non existing resourceDirectory C:\Users\Amit\Desktop\JAVA_Work\hibernate_project_1\HibernatePract\src\test\resources
2024-08-01 17:44:03,450 [Worker-119: Building] INFO  o.a.m.s.f.DefaultMavenResourcesFiltering - skip non existing resourceDirectory C:\Users\Amit\Desktop\JAVA_Work\hibernate_project_1\HibernatePract\src\main\resources
2024-08-01 17:44:03,452 [Worker-119: Building] INFO  o.a.m.s.f.DefaultMavenResourcesFiltering - skip non existing resourceDirectory C:\Users\Amit\Desktop\JAVA_Work\hibernate_project_1\HibernatePract\src\test\resources
2024-08-01 17:45:33,913 [Worker-120: Building] INFO  o.a.m.s.f.DefaultMavenResourcesFiltering - skip non existing resourceDirectory C:\Users\Amit\Desktop\JAVA_Work\hibernate_project_1\HibernatePract\src\main\resources
2024-08-01 17:45:33,914 [Worker-120: Building] INFO  o.a.m.s.f.DefaultMavenResourcesFiltering - skip non existing resourceDirectory C:\Users\Amit\Desktop\JAVA_Work\hibernate_project_1\HibernatePract\src\test\resources
2024-08-01 17:48:37,208 [Worker-117: Building] INFO  o.a.m.s.f.DefaultMavenResourcesFiltering - skip non existing resourceDirectory C:\Users\Amit\Desktop\JAVA_Work\hibernate_project_1\HibernatePract\src\main\resources
2024-08-01 17:48:37,210 [Worker-117: Building] INFO  o.a.m.s.f.DefaultMavenResourcesFiltering - skip non existing resourceDirectory C:\Users\Amit\Desktop\JAVA_Work\hibernate_project_1\HibernatePract\src\test\resources
2024-08-01 17:48:59,167 [Worker-117: Updating Maven Project] INFO  o.e.m.c.i.p.ProjectConfigurationManager - Update started
2024-08-01 17:48:59,708 [Worker-117: Updating Maven Project] INFO  o.e.m.c.i.l.LifecycleMappingFactory - Using org.eclipse.m2e.jdt.JarLifecycleMapping lifecycle mapping for MavenProject: com.bikkadit:HibernatePract:0.0.1-SNAPSHOT @ C:\Users\Amit\Desktop\JAVA_Work\hibernate_project_1\HibernatePract\pom.xml.
2024-08-01 17:49:00,220 [Worker-117: Updating Maven Project] INFO  o.e.m.j.i.AbstractJavaProjectConfigurator - Adding source folder /HibernatePract/src/main/java
2024-08-01 17:49:00,224 [Worker-117: Updating Maven Project] INFO  o.e.m.j.i.AbstractJavaProjectConfigurator - Adding resource folder /HibernatePract/src/main/resources
2024-08-01 17:49:00,225 [Worker-117: Updating Maven Project] INFO  o.e.m.j.i.AbstractJavaProjectConfigurator - Adding source folder /HibernatePract/src/test/java
2024-08-01 17:49:00,227 [Worker-117: Updating Maven Project] INFO  o.e.m.j.i.AbstractJavaProjectConfigurator - Adding resource folder /HibernatePract/src/test/resources
2024-08-01 17:49:00,416 [Worker-117: Updating Maven Project] INFO  o.e.m.c.i.p.ProjectConfigurationManager - Update completed for 1 poms: local refresh takes 0.00 sec, refresh facades takes 0.00 sec, update config takes 0.00 sec 
2024-08-01 17:49:00,656 [Worker-114: Building] INFO  o.a.m.s.f.DefaultMavenResourcesFiltering - skip non existing resourceDirectory C:\Users\Amit\Desktop\JAVA_Work\hibernate_project_1\HibernatePract\src\main\resources
2024-08-01 17:49:00,663 [Worker-114: Building] INFO  o.a.m.s.f.DefaultMavenResourcesFiltering - skip non existing resourceDirectory C:\Users\Amit\Desktop\JAVA_Work\hibernate_project_1\HibernatePract\src\test\resources
2024-08-01 17:49:14,605 [Worker-113: Building] INFO  o.a.m.s.f.DefaultMavenResourcesFiltering - skip non existing resourceDirectory C:\Users\Amit\Desktop\JAVA_Work\hibernate_project_1\HibernatePract\src\main\resources
2024-08-01 17:49:14,607 [Worker-113: Building] INFO  o.a.m.s.f.DefaultMavenResourcesFiltering - skip non existing resourceDirectory C:\Users\Amit\Desktop\JAVA_Work\hibernate_project_1\HibernatePract\src\test\resources
2024-08-01 17:49:50,887 [Worker-113: Building] INFO  o.a.m.s.f.DefaultMavenResourcesFiltering - skip non existing resourceDirectory C:\Users\Amit\Desktop\JAVA_Work\hibernate_project_1\HibernatePract\src\main\resources
2024-08-01 17:49:50,890 [Worker-113: Building] INFO  o.a.m.s.f.DefaultMavenResourcesFiltering - skip non existing resourceDirectory C:\Users\Amit\Desktop\JAVA_Work\hibernate_project_1\HibernatePract\src\test\resources
2024-08-01 17:49:56,107 [Worker-120: Building] INFO  o.a.m.s.f.DefaultMavenResourcesFiltering - skip non existing resourceDirectory C:\Users\Amit\Desktop\JAVA_Work\hibernate_project_1\HibernatePract\src\main\resources
2024-08-01 17:49:56,109 [Worker-120: Building] INFO  o.a.m.s.f.DefaultMavenResourcesFiltering - skip non existing resourceDirectory C:\Users\Amit\Desktop\JAVA_Work\hibernate_project_1\HibernatePract\src\test\resources
2024-08-01 17:50:28,126 [Worker-113: Building] INFO  o.a.m.s.f.DefaultMavenResourcesFiltering - skip non existing resourceDirectory C:\Users\Amit\Desktop\JAVA_Work\hibernate_project_1\HibernatePract\src\main\resources
2024-08-01 17:50:28,128 [Worker-113: Building] INFO  o.a.m.s.f.DefaultMavenResourcesFiltering - skip non existing resourceDirectory C:\Users\Amit\Desktop\JAVA_Work\hibernate_project_1\HibernatePract\src\test\resources
2024-08-01 17:54:03,650 [Worker-113: Building] INFO  o.a.m.s.f.DefaultMavenResourcesFiltering - skip non existing resourceDirectory C:\Users\Amit\Desktop\JAVA_Work\hibernate_project_1\HibernatePract\src\main\resources
2024-08-01 17:54:03,652 [Worker-113: Building] INFO  o.a.m.s.f.DefaultMavenResourcesFiltering - skip non existing resourceDirectory C:\Users\Amit\Desktop\JAVA_Work\hibernate_project_1\HibernatePract\src\test\resources
2024-08-01 17:54:10,321 [Worker-122: Building] INFO  o.a.m.s.f.DefaultMavenResourcesFiltering - skip non existing resourceDirectory C:\Users\Amit\Desktop\JAVA_Work\hibernate_project_1\HibernatePract\src\main\resources
2024-08-01 17:54:10,323 [Worker-122: Building] INFO  o.a.m.s.f.DefaultMavenResourcesFiltering - skip non existing resourceDirectory C:\Users\Amit\Desktop\JAVA_Work\hibernate_project_1\HibernatePract\src\test\resources
2024-08-01 17:54:36,877 [Worker-122: Launching App] INFO  o.a.m.s.f.DefaultMavenResourcesFiltering - skip non existing resourceDirectory C:\Users\Amit\Desktop\JAVA_Work\hibernate_project_1\HibernatePract\src\main\resources
2024-08-01 17:54:36,881 [Worker-122: Launching App] INFO  o.a.m.s.f.DefaultMavenResourcesFiltering - skip non existing resourceDirectory C:\Users\Amit\Desktop\JAVA_Work\hibernate_project_1\HibernatePract\src\test\resources
2024-08-01 17:57:28,070 [Worker-114: Building] INFO  o.a.m.s.f.DefaultMavenResourcesFiltering - skip non existing resourceDirectory C:\Users\Amit\Desktop\JAVA_Work\hibernate_project_1\HibernatePract\src\main\resources
2024-08-01 17:57:28,072 [Worker-114: Building] INFO  o.a.m.s.f.DefaultMavenResourcesFiltering - skip non existing resourceDirectory C:\Users\Amit\Desktop\JAVA_Work\hibernate_project_1\HibernatePract\src\test\resources
2024-08-01 17:58:24,936 [Worker-123: Building] INFO  o.a.m.s.f.DefaultMavenResourcesFiltering - skip non existing resourceDirectory C:\Users\Amit\Desktop\JAVA_Work\hibernate_project_1\HibernatePract\src\main\resources
2024-08-01 17:58:24,938 [Worker-123: Building] INFO  o.a.m.s.f.DefaultMavenResourcesFiltering - skip non existing resourceDirectory C:\Users\Amit\Desktop\JAVA_Work\hibernate_project_1\HibernatePract\src\test\resources
2024-08-01 17:59:04,735 [Worker-116: Building] INFO  o.a.m.s.f.DefaultMavenResourcesFiltering - skip non existing resourceDirectory C:\Users\Amit\Desktop\JAVA_Work\hibernate_project_1\HibernatePract\src\main\resources
2024-08-01 17:59:04,737 [Worker-116: Building] INFO  o.a.m.s.f.DefaultMavenResourcesFiltering - skip non existing resourceDirectory C:\Users\Amit\Desktop\JAVA_Work\hibernate_project_1\HibernatePract\src\test\resources
2024-08-01 17:59:07,768 [Worker-125: Building] INFO  o.a.m.s.f.DefaultMavenResourcesFiltering - skip non existing resourceDirectory C:\Users\Amit\Desktop\JAVA_Work\hibernate_project_1\HibernatePract\src\main\resources
2024-08-01 17:59:07,770 [Worker-125: Building] INFO  o.a.m.s.f.DefaultMavenResourcesFiltering - skip non existing resourceDirectory C:\Users\Amit\Desktop\JAVA_Work\hibernate_project_1\HibernatePract\src\test\resources
2024-08-01 17:59:43,996 [Worker-116: Building] INFO  o.a.m.s.f.DefaultMavenResourcesFiltering - skip non existing resourceDirectory C:\Users\Amit\Desktop\JAVA_Work\hibernate_project_1\HibernatePract\src\main\resources
2024-08-01 17:59:43,998 [Worker-116: Building] INFO  o.a.m.s.f.DefaultMavenResourcesFiltering - skip non existing resourceDirectory C:\Users\Amit\Desktop\JAVA_Work\hibernate_project_1\HibernatePract\src\test\resources
2024-08-01 18:22:39,470 [Worker-130: Building] INFO  o.a.m.s.f.DefaultMavenResourcesFiltering - skip non existing resourceDirectory C:\Users\Amit\Desktop\JAVA_Work\hibernate_project_1\HibernatePract\src\main\resources
2024-08-01 18:22:39,472 [Worker-130: Building] INFO  o.a.m.s.f.DefaultMavenResourcesFiltering - skip non existing resourceDirectory C:\Users\Amit\Desktop\JAVA_Work\hibernate_project_1\HibernatePract\src\test\resources
2024-08-01 18:24:06,566 [Worker-131: Launching App] INFO  o.a.m.s.f.DefaultMavenResourcesFiltering - skip non existing resourceDirectory C:\Users\Amit\Desktop\JAVA_Work\hibernate_project_1\HibernatePract\src\main\resources
2024-08-01 18:24:06,570 [Worker-131: Launching App] INFO  o.a.m.s.f.DefaultMavenResourcesFiltering - skip non existing resourceDirectory C:\Users\Amit\Desktop\JAVA_Work\hibernate_project_1\HibernatePract\src\test\resources
2024-08-01 18:24:16,354 [Worker-129: Building] INFO  o.a.m.s.f.DefaultMavenResourcesFiltering - skip non existing resourceDirectory C:\Users\Amit\Desktop\JAVA_Work\hibernate_project_1\HibernatePract\src\main\resources
2024-08-01 18:24:16,356 [Worker-129: Building] INFO  o.a.m.s.f.DefaultMavenResourcesFiltering - skip non existing resourceDirectory C:\Users\Amit\Desktop\JAVA_Work\hibernate_project_1\HibernatePract\src\test\resources
2024-08-01 18:25:25,298 [Worker-132: Building] INFO  o.a.m.s.f.DefaultMavenResourcesFiltering - skip non existing resourceDirectory C:\Users\Amit\Desktop\JAVA_Work\hibernate_project_1\HibernatePract\src\main\resources
2024-08-01 18:25:25,300 [Worker-132: Building] INFO  o.a.m.s.f.DefaultMavenResourcesFiltering - skip non existing resourceDirectory C:\Users\Amit\Desktop\JAVA_Work\hibernate_project_1\HibernatePract\src\test\resources
2024-08-01 18:30:25,998 [Worker-137: Building] INFO  o.e.m.c.i.l.LifecycleMappingFactory - Using org.eclipse.m2e.jdt.JarLifecycleMapping lifecycle mapping for MavenProject: com.bikkadit:HibernatePract:0.0.1-SNAPSHOT @ C:\Users\Amit\Desktop\JAVA_Work\hibernate_project_1\OneToMany_Hibernate\pom.xml.
2024-08-01 18:30:26,393 [Worker-137: Building] INFO  o.a.m.s.f.DefaultMavenResourcesFiltering - skip non existing resourceDirectory C:\Users\Amit\Desktop\JAVA_Work\hibernate_project_1\OneToMany_Hibernate\src\main\resources
2024-08-01 18:30:26,395 [Worker-137: Building] INFO  o.a.m.s.f.DefaultMavenResourcesFiltering - skip non existing resourceDirectory C:\Users\Amit\Desktop\JAVA_Work\hibernate_project_1\OneToMany_Hibernate\src\test\resources
2024-08-01 18:30:27,585 [Worker-137: Building] INFO  o.a.m.s.f.DefaultMavenResourcesFiltering - skip non existing resourceDirectory C:\Users\Amit\Desktop\JAVA_Work\hibernate_project_1\OneToMany_Hibernate\src\main\resources
2024-08-01 18:30:27,587 [Worker-137: Building] INFO  o.a.m.s.f.DefaultMavenResourcesFiltering - skip non existing resourceDirectory C:\Users\Amit\Desktop\JAVA_Work\hibernate_project_1\OneToMany_Hibernate\src\test\resources
2024-08-01 18:31:33,716 [Worker-138: Building] INFO  o.a.m.s.f.DefaultMavenResourcesFiltering - skip non existing resourceDirectory C:\Users\Amit\Desktop\JAVA_Work\hibernate_project_1\HibernatePract\src\main\resources
2024-08-01 18:31:33,717 [Worker-138: Building] INFO  o.a.m.s.f.DefaultMavenResourcesFiltering - skip non existing resourceDirectory C:\Users\Amit\Desktop\JAVA_Work\hibernate_project_1\HibernatePract\src\test\resources
2024-08-01 18:32:20,380 [Worker-135: Building] INFO  o.a.m.s.f.DefaultMavenResourcesFiltering - skip non existing resourceDirectory C:\Users\Amit\Desktop\JAVA_Work\hibernate_project_1\HibernatePract\src\main\resources
2024-08-01 18:32:20,381 [Worker-135: Building] INFO  o.a.m.s.f.DefaultMavenResourcesFiltering - skip non existing resourceDirectory C:\Users\Amit\Desktop\JAVA_Work\hibernate_project_1\HibernatePract\src\test\resources
2024-08-01 18:33:34,055 [Worker-129: Building] INFO  o.a.m.s.f.DefaultMavenResourcesFiltering - skip non existing resourceDirectory C:\Users\Amit\Desktop\JAVA_Work\hibernate_project_1\HibernatePract\src\main\resources
2024-08-01 18:33:34,057 [Worker-129: Building] INFO  o.a.m.s.f.DefaultMavenResourcesFiltering - skip non existing resourceDirectory C:\Users\Amit\Desktop\JAVA_Work\hibernate_project_1\HibernatePract\src\test\resources
2024-08-01 18:34:03,572 [Worker-137: Building] INFO  o.a.m.s.f.DefaultMavenResourcesFiltering - skip non existing resourceDirectory C:\Users\Amit\Desktop\JAVA_Work\hibernate_project_1\HibernatePract\src\main\resources
2024-08-01 18:34:03,574 [Worker-137: Building] INFO  o.a.m.s.f.DefaultMavenResourcesFiltering - skip non existing resourceDirectory C:\Users\Amit\Desktop\JAVA_Work\hibernate_project_1\HibernatePract\src\test\resources
2024-08-01 18:52:10,034 [Worker-143: Building] INFO  o.a.m.s.f.DefaultMavenResourcesFiltering - skip non existing resourceDirectory C:\Users\Amit\Desktop\JAVA_Work\hibernate_project_1\HibernatePract\src\main\resources
2024-08-01 18:52:10,035 [Worker-143: Building] INFO  o.a.m.s.f.DefaultMavenResourcesFiltering - skip non existing resourceDirectory C:\Users\Amit\Desktop\JAVA_Work\hibernate_project_1\HibernatePract\src\test\resources
2024-08-01 18:52:38,291 [Worker-142: Building] INFO  o.a.m.s.f.DefaultMavenResourcesFiltering - skip non existing resourceDirectory C:\Users\Amit\Desktop\JAVA_Work\hibernate_project_1\OneToMany_Hibernate\src\main\resources
2024-08-01 18:52:38,294 [Worker-142: Building] INFO  o.a.m.s.f.DefaultMavenResourcesFiltering - skip non existing resourceDirectory C:\Users\Amit\Desktop\JAVA_Work\hibernate_project_1\OneToMany_Hibernate\src\test\resources
2024-08-02 12:30:32,886 [Worker-1: Loading available Gradle versions] INFO  o.e.b.c.i.u.g.PublishedGradleVersions - Gradle version information cache is out-of-date. Trying to update.
2024-08-02 12:33:07,204 [Worker-3: Launching mavenrun-37dc8e7e-36a2-4745-974f-5e9fe0df2713] INFO  o.eclipse.m2e.core.internal.Bundles - getClasspathEntries(Bundle=org.eclipse.m2e.maven.runtime_3.9.700.20240602-2313 [359])
2024-08-02 12:33:07,208 [Worker-3: Launching mavenrun-37dc8e7e-36a2-4745-974f-5e9fe0df2713] INFO  o.eclipse.m2e.core.internal.Bundles - 	Entry: D:\Download from crome\sts-4.23.1.RELEASE\plugins\org.eclipse.m2e.maven.runtime_3.9.700.20240602-2313
2024-08-02 12:33:07,208 [Worker-3: Launching mavenrun-37dc8e7e-36a2-4745-974f-5e9fe0df2713] INFO  o.eclipse.m2e.core.internal.Bundles - 	Entry: D:\Download from crome\sts-4.23.1.RELEASE\plugins\org.eclipse.m2e.maven.runtime_3.9.700.20240602-2313\jars\aopalliance-1.0.jar
2024-08-02 12:33:07,208 [Worker-3: Launching mavenrun-37dc8e7e-36a2-4745-974f-5e9fe0df2713] INFO  o.eclipse.m2e.core.internal.Bundles - 	Entry: D:\Download from crome\sts-4.23.1.RELEASE\plugins\org.eclipse.m2e.maven.runtime_3.9.700.20240602-2313\jars\guice-5.1.0.jar
2024-08-02 12:33:07,208 [Worker-3: Launching mavenrun-37dc8e7e-36a2-4745-974f-5e9fe0df2713] INFO  o.eclipse.m2e.core.internal.Bundles - 	Entry: D:\Download from crome\sts-4.23.1.RELEASE\plugins\org.eclipse.m2e.maven.runtime_3.9.700.20240602-2313\jars\httpclient-4.5.14.jar
2024-08-02 12:33:07,208 [Worker-3: Launching mavenrun-37dc8e7e-36a2-4745-974f-5e9fe0df2713] INFO  o.eclipse.m2e.core.internal.Bundles - 	Entry: D:\Download from crome\sts-4.23.1.RELEASE\plugins\org.eclipse.m2e.maven.runtime_3.9.700.20240602-2313\jars\httpcore-4.4.16.jar
2024-08-02 12:33:07,208 [Worker-3: Launching mavenrun-37dc8e7e-36a2-4745-974f-5e9fe0df2713] INFO  o.eclipse.m2e.core.internal.Bundles - 	Entry: D:\Download from crome\sts-4.23.1.RELEASE\plugins\org.eclipse.m2e.maven.runtime_3.9.700.20240602-2313\jars\jansi-2.4.1.jar
2024-08-02 12:33:07,208 [Worker-3: Launching mavenrun-37dc8e7e-36a2-4745-974f-5e9fe0df2713] INFO  o.eclipse.m2e.core.internal.Bundles - 	Entry: D:\Download from crome\sts-4.23.1.RELEASE\plugins\org.eclipse.m2e.maven.runtime_3.9.700.20240602-2313\jars\jcl-over-slf4j-1.7.36.jar
2024-08-02 12:33:07,208 [Worker-3: Launching mavenrun-37dc8e7e-36a2-4745-974f-5e9fe0df2713] INFO  o.eclipse.m2e.core.internal.Bundles - 	Entry: D:\Download from crome\sts-4.23.1.RELEASE\plugins\org.eclipse.m2e.maven.runtime_3.9.700.20240602-2313\jars\maven-artifact-3.9.7.jar
2024-08-02 12:33:07,208 [Worker-3: Launching mavenrun-37dc8e7e-36a2-4745-974f-5e9fe0df2713] INFO  o.eclipse.m2e.core.internal.Bundles - 	Entry: D:\Download from crome\sts-4.23.1.RELEASE\plugins\org.eclipse.m2e.maven.runtime_3.9.700.20240602-2313\jars\maven-builder-support-3.9.7.jar
2024-08-02 12:33:07,209 [Worker-3: Launching mavenrun-37dc8e7e-36a2-4745-974f-5e9fe0df2713] INFO  o.eclipse.m2e.core.internal.Bundles - 	Entry: D:\Download from crome\sts-4.23.1.RELEASE\plugins\org.eclipse.m2e.maven.runtime_3.9.700.20240602-2313\jars\maven-compat-3.9.7.jar
2024-08-02 12:33:07,209 [Worker-3: Launching mavenrun-37dc8e7e-36a2-4745-974f-5e9fe0df2713] INFO  o.eclipse.m2e.core.internal.Bundles - 	Entry: D:\Download from crome\sts-4.23.1.RELEASE\plugins\org.eclipse.m2e.maven.runtime_3.9.700.20240602-2313\jars\maven-core-3.9.7.jar
2024-08-02 12:33:07,209 [Worker-3: Launching mavenrun-37dc8e7e-36a2-4745-974f-5e9fe0df2713] INFO  o.eclipse.m2e.core.internal.Bundles - 	Entry: D:\Download from crome\sts-4.23.1.RELEASE\plugins\org.eclipse.m2e.maven.runtime_3.9.700.20240602-2313\jars\maven-embedder-3.9.7.jar
2024-08-02 12:33:07,209 [Worker-3: Launching mavenrun-37dc8e7e-36a2-4745-974f-5e9fe0df2713] INFO  o.eclipse.m2e.core.internal.Bundles - 	Entry: D:\Download from crome\sts-4.23.1.RELEASE\plugins\org.eclipse.m2e.maven.runtime_3.9.700.20240602-2313\jars\maven-model-3.9.7.jar
2024-08-02 12:33:07,209 [Worker-3: Launching mavenrun-37dc8e7e-36a2-4745-974f-5e9fe0df2713] INFO  o.eclipse.m2e.core.internal.Bundles - 	Entry: D:\Download from crome\sts-4.23.1.RELEASE\plugins\org.eclipse.m2e.maven.runtime_3.9.700.20240602-2313\jars\maven-model-builder-3.9.7.jar
2024-08-02 12:33:07,209 [Worker-3: Launching mavenrun-37dc8e7e-36a2-4745-974f-5e9fe0df2713] INFO  o.eclipse.m2e.core.internal.Bundles - 	Entry: D:\Download from crome\sts-4.23.1.RELEASE\plugins\org.eclipse.m2e.maven.runtime_3.9.700.20240602-2313\jars\maven-plugin-api-3.9.7.jar
2024-08-02 12:33:07,209 [Worker-3: Launching mavenrun-37dc8e7e-36a2-4745-974f-5e9fe0df2713] INFO  o.eclipse.m2e.core.internal.Bundles - 	Entry: D:\Download from crome\sts-4.23.1.RELEASE\plugins\org.eclipse.m2e.maven.runtime_3.9.700.20240602-2313\jars\maven-repository-metadata-3.9.7.jar
2024-08-02 12:33:07,209 [Worker-3: Launching mavenrun-37dc8e7e-36a2-4745-974f-5e9fe0df2713] INFO  o.eclipse.m2e.core.internal.Bundles - 	Entry: D:\Download from crome\sts-4.23.1.RELEASE\plugins\org.eclipse.m2e.maven.runtime_3.9.700.20240602-2313\jars\maven-resolver-api-1.9.20.jar
2024-08-02 12:33:07,209 [Worker-3: Launching mavenrun-37dc8e7e-36a2-4745-974f-5e9fe0df2713] INFO  o.eclipse.m2e.core.internal.Bundles - 	Entry: D:\Download from crome\sts-4.23.1.RELEASE\plugins\org.eclipse.m2e.maven.runtime_3.9.700.20240602-2313\jars\maven-resolver-connector-basic-1.9.20.jar
2024-08-02 12:33:07,209 [Worker-3: Launching mavenrun-37dc8e7e-36a2-4745-974f-5e9fe0df2713] INFO  o.eclipse.m2e.core.internal.Bundles - 	Entry: D:\Download from crome\sts-4.23.1.RELEASE\plugins\org.eclipse.m2e.maven.runtime_3.9.700.20240602-2313\jars\maven-resolver-impl-1.9.20.jar
2024-08-02 12:33:07,209 [Worker-3: Launching mavenrun-37dc8e7e-36a2-4745-974f-5e9fe0df2713] INFO  o.eclipse.m2e.core.internal.Bundles - 	Entry: D:\Download from crome\sts-4.23.1.RELEASE\plugins\org.eclipse.m2e.maven.runtime_3.9.700.20240602-2313\jars\maven-resolver-named-locks-1.9.20.jar
2024-08-02 12:33:07,209 [Worker-3: Launching mavenrun-37dc8e7e-36a2-4745-974f-5e9fe0df2713] INFO  o.eclipse.m2e.core.internal.Bundles - 	Entry: D:\Download from crome\sts-4.23.1.RELEASE\plugins\org.eclipse.m2e.maven.runtime_3.9.700.20240602-2313\jars\maven-resolver-provider-3.9.7.jar
2024-08-02 12:33:07,209 [Worker-3: Launching mavenrun-37dc8e7e-36a2-4745-974f-5e9fe0df2713] INFO  o.eclipse.m2e.core.internal.Bundles - 	Entry: D:\Download from crome\sts-4.23.1.RELEASE\plugins\org.eclipse.m2e.maven.runtime_3.9.700.20240602-2313\jars\maven-resolver-spi-1.9.20.jar
2024-08-02 12:33:07,209 [Worker-3: Launching mavenrun-37dc8e7e-36a2-4745-974f-5e9fe0df2713] INFO  o.eclipse.m2e.core.internal.Bundles - 	Entry: D:\Download from crome\sts-4.23.1.RELEASE\plugins\org.eclipse.m2e.maven.runtime_3.9.700.20240602-2313\jars\maven-resolver-transport-file-1.9.20.jar
2024-08-02 12:33:07,209 [Worker-3: Launching mavenrun-37dc8e7e-36a2-4745-974f-5e9fe0df2713] INFO  o.eclipse.m2e.core.internal.Bundles - 	Entry: D:\Download from crome\sts-4.23.1.RELEASE\plugins\org.eclipse.m2e.maven.runtime_3.9.700.20240602-2313\jars\maven-resolver-transport-http-1.9.20.jar
2024-08-02 12:33:07,209 [Worker-3: Launching mavenrun-37dc8e7e-36a2-4745-974f-5e9fe0df2713] INFO  o.eclipse.m2e.core.internal.Bundles - 	Entry: D:\Download from crome\sts-4.23.1.RELEASE\plugins\org.eclipse.m2e.maven.runtime_3.9.700.20240602-2313\jars\maven-resolver-transport-wagon-1.9.20.jar
2024-08-02 12:33:07,209 [Worker-3: Launching mavenrun-37dc8e7e-36a2-4745-974f-5e9fe0df2713] INFO  o.eclipse.m2e.core.internal.Bundles - 	Entry: D:\Download from crome\sts-4.23.1.RELEASE\plugins\org.eclipse.m2e.maven.runtime_3.9.700.20240602-2313\jars\maven-resolver-util-1.9.20.jar
2024-08-02 12:33:07,209 [Worker-3: Launching mavenrun-37dc8e7e-36a2-4745-974f-5e9fe0df2713] INFO  o.eclipse.m2e.core.internal.Bundles - 	Entry: D:\Download from crome\sts-4.23.1.RELEASE\plugins\org.eclipse.m2e.maven.runtime_3.9.700.20240602-2313\jars\maven-settings-3.9.7.jar
2024-08-02 12:33:07,210 [Worker-3: Launching mavenrun-37dc8e7e-36a2-4745-974f-5e9fe0df2713] INFO  o.eclipse.m2e.core.internal.Bundles - 	Entry: D:\Download from crome\sts-4.23.1.RELEASE\plugins\org.eclipse.m2e.maven.runtime_3.9.700.20240602-2313\jars\maven-settings-builder-3.9.7.jar
2024-08-02 12:33:07,210 [Worker-3: Launching mavenrun-37dc8e7e-36a2-4745-974f-5e9fe0df2713] INFO  o.eclipse.m2e.core.internal.Bundles - 	Entry: D:\Download from crome\sts-4.23.1.RELEASE\plugins\org.eclipse.m2e.maven.runtime_3.9.700.20240602-2313\jars\maven-shared-utils-3.4.2.jar
2024-08-02 12:33:07,210 [Worker-3: Launching mavenrun-37dc8e7e-36a2-4745-974f-5e9fe0df2713] INFO  o.eclipse.m2e.core.internal.Bundles - 	Entry: D:\Download from crome\sts-4.23.1.RELEASE\plugins\org.eclipse.m2e.maven.runtime_3.9.700.20240602-2313\jars\org.eclipse.sisu.inject-0.9.0.M2.jar
2024-08-02 12:33:07,210 [Worker-3: Launching mavenrun-37dc8e7e-36a2-4745-974f-5e9fe0df2713] INFO  o.eclipse.m2e.core.internal.Bundles - 	Entry: D:\Download from crome\sts-4.23.1.RELEASE\plugins\org.eclipse.m2e.maven.runtime_3.9.700.20240602-2313\jars\org.eclipse.sisu.plexus-0.9.0.M2.jar
2024-08-02 12:33:07,210 [Worker-3: Launching mavenrun-37dc8e7e-36a2-4745-974f-5e9fe0df2713] INFO  o.eclipse.m2e.core.internal.Bundles - 	Entry: D:\Download from crome\sts-4.23.1.RELEASE\plugins\org.eclipse.m2e.maven.runtime_3.9.700.20240602-2313\jars\plexus-build-api-0.0.7.jar
2024-08-02 12:33:07,210 [Worker-3: Launching mavenrun-37dc8e7e-36a2-4745-974f-5e9fe0df2713] INFO  o.eclipse.m2e.core.internal.Bundles - 	Entry: D:\Download from crome\sts-4.23.1.RELEASE\plugins\org.eclipse.m2e.maven.runtime_3.9.700.20240602-2313\jars\plexus-build-api-1.2.0.jar
2024-08-02 12:33:07,210 [Worker-3: Launching mavenrun-37dc8e7e-36a2-4745-974f-5e9fe0df2713] INFO  o.eclipse.m2e.core.internal.Bundles - 	Entry: D:\Download from crome\sts-4.23.1.RELEASE\plugins\org.eclipse.m2e.maven.runtime_3.9.700.20240602-2313\jars\plexus-cipher-2.0.jar
2024-08-02 12:33:07,210 [Worker-3: Launching mavenrun-37dc8e7e-36a2-4745-974f-5e9fe0df2713] INFO  o.eclipse.m2e.core.internal.Bundles - 	Entry: D:\Download from crome\sts-4.23.1.RELEASE\plugins\org.eclipse.m2e.maven.runtime_3.9.700.20240602-2313\jars\plexus-classworlds-2.8.0.jar
2024-08-02 12:33:07,210 [Worker-3: Launching mavenrun-37dc8e7e-36a2-4745-974f-5e9fe0df2713] INFO  o.eclipse.m2e.core.internal.Bundles - 	Entry: D:\Download from crome\sts-4.23.1.RELEASE\plugins\org.eclipse.m2e.maven.runtime_3.9.700.20240602-2313\jars\plexus-component-annotations-2.1.0.jar
2024-08-02 12:33:07,210 [Worker-3: Launching mavenrun-37dc8e7e-36a2-4745-974f-5e9fe0df2713] INFO  o.eclipse.m2e.core.internal.Bundles - 	Entry: D:\Download from crome\sts-4.23.1.RELEASE\plugins\org.eclipse.m2e.maven.runtime_3.9.700.20240602-2313\jars\plexus-interpolation-1.27.jar
2024-08-02 12:33:07,210 [Worker-3: Launching mavenrun-37dc8e7e-36a2-4745-974f-5e9fe0df2713] INFO  o.eclipse.m2e.core.internal.Bundles - 	Entry: D:\Download from crome\sts-4.23.1.RELEASE\plugins\org.eclipse.m2e.maven.runtime_3.9.700.20240602-2313\jars\plexus-sec-dispatcher-2.0.jar
2024-08-02 12:33:07,210 [Worker-3: Launching mavenrun-37dc8e7e-36a2-4745-974f-5e9fe0df2713] INFO  o.eclipse.m2e.core.internal.Bundles - 	Entry: D:\Download from crome\sts-4.23.1.RELEASE\plugins\org.eclipse.m2e.maven.runtime_3.9.700.20240602-2313\jars\plexus-utils-3.5.1.jar
2024-08-02 12:33:07,210 [Worker-3: Launching mavenrun-37dc8e7e-36a2-4745-974f-5e9fe0df2713] INFO  o.eclipse.m2e.core.internal.Bundles - 	Entry: D:\Download from crome\sts-4.23.1.RELEASE\plugins\org.eclipse.m2e.maven.runtime_3.9.700.20240602-2313\jars\wagon-file-3.5.3.jar
2024-08-02 12:33:07,210 [Worker-3: Launching mavenrun-37dc8e7e-36a2-4745-974f-5e9fe0df2713] INFO  o.eclipse.m2e.core.internal.Bundles - 	Entry: D:\Download from crome\sts-4.23.1.RELEASE\plugins\org.eclipse.m2e.maven.runtime_3.9.700.20240602-2313\jars\wagon-http-3.5.3.jar
2024-08-02 12:33:07,211 [Worker-3: Launching mavenrun-37dc8e7e-36a2-4745-974f-5e9fe0df2713] INFO  o.eclipse.m2e.core.internal.Bundles - 	Entry: D:\Download from crome\sts-4.23.1.RELEASE\plugins\org.eclipse.m2e.maven.runtime_3.9.700.20240602-2313\jars\wagon-http-shared-3.5.3.jar
2024-08-02 12:33:07,211 [Worker-3: Launching mavenrun-37dc8e7e-36a2-4745-974f-5e9fe0df2713] INFO  o.eclipse.m2e.core.internal.Bundles - 	Entry: D:\Download from crome\sts-4.23.1.RELEASE\plugins\org.eclipse.m2e.maven.runtime_3.9.700.20240602-2313\jars\wagon-provider-api-3.5.3.jar
2024-08-02 12:33:07,213 [Worker-3: Launching mavenrun-37dc8e7e-36a2-4745-974f-5e9fe0df2713] INFO  o.eclipse.m2e.core.internal.Bundles - getClasspathEntries(Bundle=com.google.guava_33.2.0.jre [29])
2024-08-02 12:33:07,213 [Worker-3: Launching mavenrun-37dc8e7e-36a2-4745-974f-5e9fe0df2713] INFO  o.eclipse.m2e.core.internal.Bundles - 	Entry: D:\Download from crome\sts-4.23.1.RELEASE\plugins\com.google.guava_33.2.0.jre.jar
2024-08-02 12:33:07,213 [Worker-3: Launching mavenrun-37dc8e7e-36a2-4745-974f-5e9fe0df2713] INFO  o.eclipse.m2e.core.internal.Bundles - getClasspathEntries(Bundle=slf4j.api_2.0.13 [592])
2024-08-02 12:33:07,214 [Worker-3: Launching mavenrun-37dc8e7e-36a2-4745-974f-5e9fe0df2713] INFO  o.eclipse.m2e.core.internal.Bundles - 	Entry: D:\Download from crome\sts-4.23.1.RELEASE\plugins\slf4j.api_2.0.13.jar
2024-08-02 12:33:07,214 [Worker-3: Launching mavenrun-37dc8e7e-36a2-4745-974f-5e9fe0df2713] INFO  o.eclipse.m2e.core.internal.Bundles - getClasspathEntries(Bundle=jakarta.inject.jakarta.inject-api_1.0.5 [44])
2024-08-02 12:33:07,214 [Worker-3: Launching mavenrun-37dc8e7e-36a2-4745-974f-5e9fe0df2713] INFO  o.eclipse.m2e.core.internal.Bundles - 	Entry: D:\Download from crome\sts-4.23.1.RELEASE\plugins\jakarta.inject.jakarta.inject-api_1.0.5.jar
2024-08-02 12:33:07,214 [Worker-3: Launching mavenrun-37dc8e7e-36a2-4745-974f-5e9fe0df2713] INFO  o.eclipse.m2e.core.internal.Bundles - getClasspathEntries(Bundle=javax.annotation_1.3.5.v20200909-1856 [53])
2024-08-02 12:33:07,214 [Worker-3: Launching mavenrun-37dc8e7e-36a2-4745-974f-5e9fe0df2713] INFO  o.eclipse.m2e.core.internal.Bundles - 	Entry: D:\Download from crome\sts-4.23.1.RELEASE\plugins\javax.annotation_1.3.5.v20200909-1856.jar
2024-08-02 12:33:07,214 [Worker-3: Launching mavenrun-37dc8e7e-36a2-4745-974f-5e9fe0df2713] INFO  o.eclipse.m2e.core.internal.Bundles - getClasspathEntries(Bundle=org.apache.commons.cli_1.8.0 [76])
2024-08-02 12:33:07,214 [Worker-3: Launching mavenrun-37dc8e7e-36a2-4745-974f-5e9fe0df2713] INFO  o.eclipse.m2e.core.internal.Bundles - 	Entry: D:\Download from crome\sts-4.23.1.RELEASE\plugins\org.apache.commons.cli_1.8.0.jar
2024-08-02 12:33:07,214 [Worker-3: Launching mavenrun-37dc8e7e-36a2-4745-974f-5e9fe0df2713] INFO  o.eclipse.m2e.core.internal.Bundles - getClasspathEntries(Bundle=org.apache.commons.commons-codec_1.16.0 [78])
2024-08-02 12:33:07,214 [Worker-3: Launching mavenrun-37dc8e7e-36a2-4745-974f-5e9fe0df2713] INFO  o.eclipse.m2e.core.internal.Bundles - 	Entry: D:\Download from crome\sts-4.23.1.RELEASE\plugins\org.apache.commons.commons-codec_1.16.0.jar
2024-08-02 12:33:07,214 [Worker-3: Launching mavenrun-37dc8e7e-36a2-4745-974f-5e9fe0df2713] INFO  o.eclipse.m2e.core.internal.Bundles - getClasspathEntries(Bundle=org.apache.commons.lang3_3.14.0 [82])
2024-08-02 12:33:07,215 [Worker-3: Launching mavenrun-37dc8e7e-36a2-4745-974f-5e9fe0df2713] INFO  o.eclipse.m2e.core.internal.Bundles - 	Entry: D:\Download from crome\sts-4.23.1.RELEASE\plugins\org.apache.commons.lang3_3.14.0.jar
2024-08-02 12:33:07,215 [Worker-3: Launching mavenrun-37dc8e7e-36a2-4745-974f-5e9fe0df2713] INFO  o.eclipse.m2e.core.internal.Bundles - getClasspathEntries(Bundle=com.google.guava.failureaccess_1.0.2 [30])
2024-08-02 12:33:07,215 [Worker-3: Launching mavenrun-37dc8e7e-36a2-4745-974f-5e9fe0df2713] INFO  o.eclipse.m2e.core.internal.Bundles - 	Entry: D:\Download from crome\sts-4.23.1.RELEASE\plugins\com.google.guava.failureaccess_1.0.2.jar
2024-08-02 12:33:07,218 [Worker-3: Launching mavenrun-37dc8e7e-36a2-4745-974f-5e9fe0df2713] INFO  o.e.m.i.launch.MavenLaunchDelegate - Run build in "C:\Users\Amit\AppData\Local\Temp\m2e-archetypeGenerator9824460000908622180":
2024-08-02 12:33:07,222 [Worker-3: Launching mavenrun-37dc8e7e-36a2-4745-974f-5e9fe0df2713] INFO  o.e.m.i.launch.MavenLaunchDelegate -  mvn  -DarchetypeGroupId=org.apache.maven.archetypes -DarchetypeArtifactId=maven-archetype-quickstart -DarchetypeVersion=1.1 -DgroupId=com.bikkadit -DartifactId=ManytoMany -Dversion=0.0.1-SNAPSHOT -Dpackage=com.bikkadit.ManytoMany -DoutputDirectory=C:\Users\Amit\Desktop\JAVA_Work\hibernate_project_1 -Dstyle.color=always -U archetype:generate
2024-08-02 12:38:12,271 [Worker-8: Launching mavenrun-475d6fa0-f4d9-4f71-973e-2aeaae40fd18] INFO  o.eclipse.m2e.core.internal.Bundles - getClasspathEntries(Bundle=org.eclipse.m2e.maven.runtime_3.9.700.20240602-2313 [359])
2024-08-02 12:38:12,272 [Worker-8: Launching mavenrun-475d6fa0-f4d9-4f71-973e-2aeaae40fd18] INFO  o.eclipse.m2e.core.internal.Bundles - 	Entry: D:\Download from crome\sts-4.23.1.RELEASE\plugins\org.eclipse.m2e.maven.runtime_3.9.700.20240602-2313
2024-08-02 12:38:12,272 [Worker-8: Launching mavenrun-475d6fa0-f4d9-4f71-973e-2aeaae40fd18] INFO  o.eclipse.m2e.core.internal.Bundles - 	Entry: D:\Download from crome\sts-4.23.1.RELEASE\plugins\org.eclipse.m2e.maven.runtime_3.9.700.20240602-2313\jars\aopalliance-1.0.jar
2024-08-02 12:38:12,272 [Worker-8: Launching mavenrun-475d6fa0-f4d9-4f71-973e-2aeaae40fd18] INFO  o.eclipse.m2e.core.internal.Bundles - 	Entry: D:\Download from crome\sts-4.23.1.RELEASE\plugins\org.eclipse.m2e.maven.runtime_3.9.700.20240602-2313\jars\guice-5.1.0.jar
2024-08-02 12:38:12,272 [Worker-8: Launching mavenrun-475d6fa0-f4d9-4f71-973e-2aeaae40fd18] INFO  o.eclipse.m2e.core.internal.Bundles - 	Entry: D:\Download from crome\sts-4.23.1.RELEASE\plugins\org.eclipse.m2e.maven.runtime_3.9.700.20240602-2313\jars\httpclient-4.5.14.jar
2024-08-02 12:38:12,272 [Worker-8: Launching mavenrun-475d6fa0-f4d9-4f71-973e-2aeaae40fd18] INFO  o.eclipse.m2e.core.internal.Bundles - 	Entry: D:\Download from crome\sts-4.23.1.RELEASE\plugins\org.eclipse.m2e.maven.runtime_3.9.700.20240602-2313\jars\httpcore-4.4.16.jar
2024-08-02 12:38:12,272 [Worker-8: Launching mavenrun-475d6fa0-f4d9-4f71-973e-2aeaae40fd18] INFO  o.eclipse.m2e.core.internal.Bundles - 	Entry: D:\Download from crome\sts-4.23.1.RELEASE\plugins\org.eclipse.m2e.maven.runtime_3.9.700.20240602-2313\jars\jansi-2.4.1.jar
2024-08-02 12:38:12,273 [Worker-8: Launching mavenrun-475d6fa0-f4d9-4f71-973e-2aeaae40fd18] INFO  o.eclipse.m2e.core.internal.Bundles - 	Entry: D:\Download from crome\sts-4.23.1.RELEASE\plugins\org.eclipse.m2e.maven.runtime_3.9.700.20240602-2313\jars\jcl-over-slf4j-1.7.36.jar
2024-08-02 12:38:12,273 [Worker-8: Launching mavenrun-475d6fa0-f4d9-4f71-973e-2aeaae40fd18] INFO  o.eclipse.m2e.core.internal.Bundles - 	Entry: D:\Download from crome\sts-4.23.1.RELEASE\plugins\org.eclipse.m2e.maven.runtime_3.9.700.20240602-2313\jars\maven-artifact-3.9.7.jar
2024-08-02 12:38:12,273 [Worker-8: Launching mavenrun-475d6fa0-f4d9-4f71-973e-2aeaae40fd18] INFO  o.eclipse.m2e.core.internal.Bundles - 	Entry: D:\Download from crome\sts-4.23.1.RELEASE\plugins\org.eclipse.m2e.maven.runtime_3.9.700.20240602-2313\jars\maven-builder-support-3.9.7.jar
2024-08-02 12:38:12,273 [Worker-8: Launching mavenrun-475d6fa0-f4d9-4f71-973e-2aeaae40fd18] INFO  o.eclipse.m2e.core.internal.Bundles - 	Entry: D:\Download from crome\sts-4.23.1.RELEASE\plugins\org.eclipse.m2e.maven.runtime_3.9.700.20240602-2313\jars\maven-compat-3.9.7.jar
2024-08-02 12:38:12,273 [Worker-8: Launching mavenrun-475d6fa0-f4d9-4f71-973e-2aeaae40fd18] INFO  o.eclipse.m2e.core.internal.Bundles - 	Entry: D:\Download from crome\sts-4.23.1.RELEASE\plugins\org.eclipse.m2e.maven.runtime_3.9.700.20240602-2313\jars\maven-core-3.9.7.jar
2024-08-02 12:38:12,273 [Worker-8: Launching mavenrun-475d6fa0-f4d9-4f71-973e-2aeaae40fd18] INFO  o.eclipse.m2e.core.internal.Bundles - 	Entry: D:\Download from crome\sts-4.23.1.RELEASE\plugins\org.eclipse.m2e.maven.runtime_3.9.700.20240602-2313\jars\maven-embedder-3.9.7.jar
2024-08-02 12:38:12,273 [Worker-8: Launching mavenrun-475d6fa0-f4d9-4f71-973e-2aeaae40fd18] INFO  o.eclipse.m2e.core.internal.Bundles - 	Entry: D:\Download from crome\sts-4.23.1.RELEASE\plugins\org.eclipse.m2e.maven.runtime_3.9.700.20240602-2313\jars\maven-model-3.9.7.jar
2024-08-02 12:38:12,273 [Worker-8: Launching mavenrun-475d6fa0-f4d9-4f71-973e-2aeaae40fd18] INFO  o.eclipse.m2e.core.internal.Bundles - 	Entry: D:\Download from crome\sts-4.23.1.RELEASE\plugins\org.eclipse.m2e.maven.runtime_3.9.700.20240602-2313\jars\maven-model-builder-3.9.7.jar
2024-08-02 12:38:12,273 [Worker-8: Launching mavenrun-475d6fa0-f4d9-4f71-973e-2aeaae40fd18] INFO  o.eclipse.m2e.core.internal.Bundles - 	Entry: D:\Download from crome\sts-4.23.1.RELEASE\plugins\org.eclipse.m2e.maven.runtime_3.9.700.20240602-2313\jars\maven-plugin-api-3.9.7.jar
2024-08-02 12:38:12,273 [Worker-8: Launching mavenrun-475d6fa0-f4d9-4f71-973e-2aeaae40fd18] INFO  o.eclipse.m2e.core.internal.Bundles - 	Entry: D:\Download from crome\sts-4.23.1.RELEASE\plugins\org.eclipse.m2e.maven.runtime_3.9.700.20240602-2313\jars\maven-repository-metadata-3.9.7.jar
2024-08-02 12:38:12,274 [Worker-8: Launching mavenrun-475d6fa0-f4d9-4f71-973e-2aeaae40fd18] INFO  o.eclipse.m2e.core.internal.Bundles - 	Entry: D:\Download from crome\sts-4.23.1.RELEASE\plugins\org.eclipse.m2e.maven.runtime_3.9.700.20240602-2313\jars\maven-resolver-api-1.9.20.jar
2024-08-02 12:38:12,274 [Worker-8: Launching mavenrun-475d6fa0-f4d9-4f71-973e-2aeaae40fd18] INFO  o.eclipse.m2e.core.internal.Bundles - 	Entry: D:\Download from crome\sts-4.23.1.RELEASE\plugins\org.eclipse.m2e.maven.runtime_3.9.700.20240602-2313\jars\maven-resolver-connector-basic-1.9.20.jar
2024-08-02 12:38:12,274 [Worker-8: Launching mavenrun-475d6fa0-f4d9-4f71-973e-2aeaae40fd18] INFO  o.eclipse.m2e.core.internal.Bundles - 	Entry: D:\Download from crome\sts-4.23.1.RELEASE\plugins\org.eclipse.m2e.maven.runtime_3.9.700.20240602-2313\jars\maven-resolver-impl-1.9.20.jar
2024-08-02 12:38:12,274 [Worker-8: Launching mavenrun-475d6fa0-f4d9-4f71-973e-2aeaae40fd18] INFO  o.eclipse.m2e.core.internal.Bundles - 	Entry: D:\Download from crome\sts-4.23.1.RELEASE\plugins\org.eclipse.m2e.maven.runtime_3.9.700.20240602-2313\jars\maven-resolver-named-locks-1.9.20.jar
2024-08-02 12:38:12,274 [Worker-8: Launching mavenrun-475d6fa0-f4d9-4f71-973e-2aeaae40fd18] INFO  o.eclipse.m2e.core.internal.Bundles - 	Entry: D:\Download from crome\sts-4.23.1.RELEASE\plugins\org.eclipse.m2e.maven.runtime_3.9.700.20240602-2313\jars\maven-resolver-provider-3.9.7.jar
2024-08-02 12:38:12,274 [Worker-8: Launching mavenrun-475d6fa0-f4d9-4f71-973e-2aeaae40fd18] INFO  o.eclipse.m2e.core.internal.Bundles - 	Entry: D:\Download from crome\sts-4.23.1.RELEASE\plugins\org.eclipse.m2e.maven.runtime_3.9.700.20240602-2313\jars\maven-resolver-spi-1.9.20.jar
2024-08-02 12:38:12,274 [Worker-8: Launching mavenrun-475d6fa0-f4d9-4f71-973e-2aeaae40fd18] INFO  o.eclipse.m2e.core.internal.Bundles - 	Entry: D:\Download from crome\sts-4.23.1.RELEASE\plugins\org.eclipse.m2e.maven.runtime_3.9.700.20240602-2313\jars\maven-resolver-transport-file-1.9.20.jar
2024-08-02 12:38:12,274 [Worker-8: Launching mavenrun-475d6fa0-f4d9-4f71-973e-2aeaae40fd18] INFO  o.eclipse.m2e.core.internal.Bundles - 	Entry: D:\Download from crome\sts-4.23.1.RELEASE\plugins\org.eclipse.m2e.maven.runtime_3.9.700.20240602-2313\jars\maven-resolver-transport-http-1.9.20.jar
2024-08-02 12:38:12,274 [Worker-8: Launching mavenrun-475d6fa0-f4d9-4f71-973e-2aeaae40fd18] INFO  o.eclipse.m2e.core.internal.Bundles - 	Entry: D:\Download from crome\sts-4.23.1.RELEASE\plugins\org.eclipse.m2e.maven.runtime_3.9.700.20240602-2313\jars\maven-resolver-transport-wagon-1.9.20.jar
2024-08-02 12:38:12,274 [Worker-8: Launching mavenrun-475d6fa0-f4d9-4f71-973e-2aeaae40fd18] INFO  o.eclipse.m2e.core.internal.Bundles - 	Entry: D:\Download from crome\sts-4.23.1.RELEASE\plugins\org.eclipse.m2e.maven.runtime_3.9.700.20240602-2313\jars\maven-resolver-util-1.9.20.jar
2024-08-02 12:38:12,274 [Worker-8: Launching mavenrun-475d6fa0-f4d9-4f71-973e-2aeaae40fd18] INFO  o.eclipse.m2e.core.internal.Bundles - 	Entry: D:\Download from crome\sts-4.23.1.RELEASE\plugins\org.eclipse.m2e.maven.runtime_3.9.700.20240602-2313\jars\maven-settings-3.9.7.jar
2024-08-02 12:38:12,274 [Worker-8: Launching mavenrun-475d6fa0-f4d9-4f71-973e-2aeaae40fd18] INFO  o.eclipse.m2e.core.internal.Bundles - 	Entry: D:\Download from crome\sts-4.23.1.RELEASE\plugins\org.eclipse.m2e.maven.runtime_3.9.700.20240602-2313\jars\maven-settings-builder-3.9.7.jar
2024-08-02 12:38:12,275 [Worker-8: Launching mavenrun-475d6fa0-f4d9-4f71-973e-2aeaae40fd18] INFO  o.eclipse.m2e.core.internal.Bundles - 	Entry: D:\Download from crome\sts-4.23.1.RELEASE\plugins\org.eclipse.m2e.maven.runtime_3.9.700.20240602-2313\jars\maven-shared-utils-3.4.2.jar
2024-08-02 12:38:12,275 [Worker-8: Launching mavenrun-475d6fa0-f4d9-4f71-973e-2aeaae40fd18] INFO  o.eclipse.m2e.core.internal.Bundles - 	Entry: D:\Download from crome\sts-4.23.1.RELEASE\plugins\org.eclipse.m2e.maven.runtime_3.9.700.20240602-2313\jars\org.eclipse.sisu.inject-0.9.0.M2.jar
2024-08-02 12:38:12,275 [Worker-8: Launching mavenrun-475d6fa0-f4d9-4f71-973e-2aeaae40fd18] INFO  o.eclipse.m2e.core.internal.Bundles - 	Entry: D:\Download from crome\sts-4.23.1.RELEASE\plugins\org.eclipse.m2e.maven.runtime_3.9.700.20240602-2313\jars\org.eclipse.sisu.plexus-0.9.0.M2.jar
2024-08-02 12:38:12,275 [Worker-8: Launching mavenrun-475d6fa0-f4d9-4f71-973e-2aeaae40fd18] INFO  o.eclipse.m2e.core.internal.Bundles - 	Entry: D:\Download from crome\sts-4.23.1.RELEASE\plugins\org.eclipse.m2e.maven.runtime_3.9.700.20240602-2313\jars\plexus-build-api-0.0.7.jar
2024-08-02 12:38:12,275 [Worker-8: Launching mavenrun-475d6fa0-f4d9-4f71-973e-2aeaae40fd18] INFO  o.eclipse.m2e.core.internal.Bundles - 	Entry: D:\Download from crome\sts-4.23.1.RELEASE\plugins\org.eclipse.m2e.maven.runtime_3.9.700.20240602-2313\jars\plexus-build-api-1.2.0.jar
2024-08-02 12:38:12,275 [Worker-8: Launching mavenrun-475d6fa0-f4d9-4f71-973e-2aeaae40fd18] INFO  o.eclipse.m2e.core.internal.Bundles - 	Entry: D:\Download from crome\sts-4.23.1.RELEASE\plugins\org.eclipse.m2e.maven.runtime_3.9.700.20240602-2313\jars\plexus-cipher-2.0.jar
2024-08-02 12:38:12,275 [Worker-8: Launching mavenrun-475d6fa0-f4d9-4f71-973e-2aeaae40fd18] INFO  o.eclipse.m2e.core.internal.Bundles - 	Entry: D:\Download from crome\sts-4.23.1.RELEASE\plugins\org.eclipse.m2e.maven.runtime_3.9.700.20240602-2313\jars\plexus-classworlds-2.8.0.jar
2024-08-02 12:38:12,275 [Worker-8: Launching mavenrun-475d6fa0-f4d9-4f71-973e-2aeaae40fd18] INFO  o.eclipse.m2e.core.internal.Bundles - 	Entry: D:\Download from crome\sts-4.23.1.RELEASE\plugins\org.eclipse.m2e.maven.runtime_3.9.700.20240602-2313\jars\plexus-component-annotations-2.1.0.jar
2024-08-02 12:38:12,275 [Worker-8: Launching mavenrun-475d6fa0-f4d9-4f71-973e-2aeaae40fd18] INFO  o.eclipse.m2e.core.internal.Bundles - 	Entry: D:\Download from crome\sts-4.23.1.RELEASE\plugins\org.eclipse.m2e.maven.runtime_3.9.700.20240602-2313\jars\plexus-interpolation-1.27.jar
2024-08-02 12:38:12,275 [Worker-8: Launching mavenrun-475d6fa0-f4d9-4f71-973e-2aeaae40fd18] INFO  o.eclipse.m2e.core.internal.Bundles - 	Entry: D:\Download from crome\sts-4.23.1.RELEASE\plugins\org.eclipse.m2e.maven.runtime_3.9.700.20240602-2313\jars\plexus-sec-dispatcher-2.0.jar
2024-08-02 12:38:12,275 [Worker-8: Launching mavenrun-475d6fa0-f4d9-4f71-973e-2aeaae40fd18] INFO  o.eclipse.m2e.core.internal.Bundles - 	Entry: D:\Download from crome\sts-4.23.1.RELEASE\plugins\org.eclipse.m2e.maven.runtime_3.9.700.20240602-2313\jars\plexus-utils-3.5.1.jar
2024-08-02 12:38:12,276 [Worker-8: Launching mavenrun-475d6fa0-f4d9-4f71-973e-2aeaae40fd18] INFO  o.eclipse.m2e.core.internal.Bundles - 	Entry: D:\Download from crome\sts-4.23.1.RELEASE\plugins\org.eclipse.m2e.maven.runtime_3.9.700.20240602-2313\jars\wagon-file-3.5.3.jar
2024-08-02 12:38:12,276 [Worker-8: Launching mavenrun-475d6fa0-f4d9-4f71-973e-2aeaae40fd18] INFO  o.eclipse.m2e.core.internal.Bundles - 	Entry: D:\Download from crome\sts-4.23.1.RELEASE\plugins\org.eclipse.m2e.maven.runtime_3.9.700.20240602-2313\jars\wagon-http-3.5.3.jar
2024-08-02 12:38:12,276 [Worker-8: Launching mavenrun-475d6fa0-f4d9-4f71-973e-2aeaae40fd18] INFO  o.eclipse.m2e.core.internal.Bundles - 	Entry: D:\Download from crome\sts-4.23.1.RELEASE\plugins\org.eclipse.m2e.maven.runtime_3.9.700.20240602-2313\jars\wagon-http-shared-3.5.3.jar
2024-08-02 12:38:12,276 [Worker-8: Launching mavenrun-475d6fa0-f4d9-4f71-973e-2aeaae40fd18] INFO  o.eclipse.m2e.core.internal.Bundles - 	Entry: D:\Download from crome\sts-4.23.1.RELEASE\plugins\org.eclipse.m2e.maven.runtime_3.9.700.20240602-2313\jars\wagon-provider-api-3.5.3.jar
2024-08-02 12:38:12,276 [Worker-8: Launching mavenrun-475d6fa0-f4d9-4f71-973e-2aeaae40fd18] INFO  o.eclipse.m2e.core.internal.Bundles - getClasspathEntries(Bundle=com.google.guava_33.2.0.jre [29])
2024-08-02 12:38:12,276 [Worker-8: Launching mavenrun-475d6fa0-f4d9-4f71-973e-2aeaae40fd18] INFO  o.eclipse.m2e.core.internal.Bundles - 	Entry: D:\Download from crome\sts-4.23.1.RELEASE\plugins\com.google.guava_33.2.0.jre.jar
2024-08-02 12:38:12,276 [Worker-8: Launching mavenrun-475d6fa0-f4d9-4f71-973e-2aeaae40fd18] INFO  o.eclipse.m2e.core.internal.Bundles - getClasspathEntries(Bundle=slf4j.api_2.0.13 [592])
2024-08-02 12:38:12,277 [Worker-8: Launching mavenrun-475d6fa0-f4d9-4f71-973e-2aeaae40fd18] INFO  o.eclipse.m2e.core.internal.Bundles - 	Entry: D:\Download from crome\sts-4.23.1.RELEASE\plugins\slf4j.api_2.0.13.jar
2024-08-02 12:38:12,277 [Worker-8: Launching mavenrun-475d6fa0-f4d9-4f71-973e-2aeaae40fd18] INFO  o.eclipse.m2e.core.internal.Bundles - getClasspathEntries(Bundle=jakarta.inject.jakarta.inject-api_1.0.5 [44])
2024-08-02 12:38:12,277 [Worker-8: Launching mavenrun-475d6fa0-f4d9-4f71-973e-2aeaae40fd18] INFO  o.eclipse.m2e.core.internal.Bundles - 	Entry: D:\Download from crome\sts-4.23.1.RELEASE\plugins\jakarta.inject.jakarta.inject-api_1.0.5.jar
2024-08-02 12:38:12,277 [Worker-8: Launching mavenrun-475d6fa0-f4d9-4f71-973e-2aeaae40fd18] INFO  o.eclipse.m2e.core.internal.Bundles - getClasspathEntries(Bundle=javax.annotation_1.3.5.v20200909-1856 [53])
2024-08-02 12:38:12,277 [Worker-8: Launching mavenrun-475d6fa0-f4d9-4f71-973e-2aeaae40fd18] INFO  o.eclipse.m2e.core.internal.Bundles - 	Entry: D:\Download from crome\sts-4.23.1.RELEASE\plugins\javax.annotation_1.3.5.v20200909-1856.jar
2024-08-02 12:38:12,277 [Worker-8: Launching mavenrun-475d6fa0-f4d9-4f71-973e-2aeaae40fd18] INFO  o.eclipse.m2e.core.internal.Bundles - getClasspathEntries(Bundle=org.apache.commons.cli_1.8.0 [76])
2024-08-02 12:38:12,277 [Worker-8: Launching mavenrun-475d6fa0-f4d9-4f71-973e-2aeaae40fd18] INFO  o.eclipse.m2e.core.internal.Bundles - 	Entry: D:\Download from crome\sts-4.23.1.RELEASE\plugins\org.apache.commons.cli_1.8.0.jar
2024-08-02 12:38:12,277 [Worker-8: Launching mavenrun-475d6fa0-f4d9-4f71-973e-2aeaae40fd18] INFO  o.eclipse.m2e.core.internal.Bundles - getClasspathEntries(Bundle=org.apache.commons.commons-codec_1.16.0 [78])
2024-08-02 12:38:12,277 [Worker-8: Launching mavenrun-475d6fa0-f4d9-4f71-973e-2aeaae40fd18] INFO  o.eclipse.m2e.core.internal.Bundles - 	Entry: D:\Download from crome\sts-4.23.1.RELEASE\plugins\org.apache.commons.commons-codec_1.16.0.jar
2024-08-02 12:38:12,278 [Worker-8: Launching mavenrun-475d6fa0-f4d9-4f71-973e-2aeaae40fd18] INFO  o.eclipse.m2e.core.internal.Bundles - getClasspathEntries(Bundle=org.apache.commons.lang3_3.14.0 [82])
2024-08-02 12:38:12,278 [Worker-8: Launching mavenrun-475d6fa0-f4d9-4f71-973e-2aeaae40fd18] INFO  o.eclipse.m2e.core.internal.Bundles - 	Entry: D:\Download from crome\sts-4.23.1.RELEASE\plugins\org.apache.commons.lang3_3.14.0.jar
2024-08-02 12:38:12,278 [Worker-8: Launching mavenrun-475d6fa0-f4d9-4f71-973e-2aeaae40fd18] INFO  o.eclipse.m2e.core.internal.Bundles - getClasspathEntries(Bundle=com.google.guava.failureaccess_1.0.2 [30])
2024-08-02 12:38:12,278 [Worker-8: Launching mavenrun-475d6fa0-f4d9-4f71-973e-2aeaae40fd18] INFO  o.eclipse.m2e.core.internal.Bundles - 	Entry: D:\Download from crome\sts-4.23.1.RELEASE\plugins\com.google.guava.failureaccess_1.0.2.jar
2024-08-02 12:38:12,279 [Worker-8: Launching mavenrun-475d6fa0-f4d9-4f71-973e-2aeaae40fd18] INFO  o.e.m.i.launch.MavenLaunchDelegate - Run build in "C:\Users\Amit\AppData\Local\Temp\m2e-archetypeGenerator5726619452538094410":
2024-08-02 12:38:12,279 [Worker-8: Launching mavenrun-475d6fa0-f4d9-4f71-973e-2aeaae40fd18] INFO  o.e.m.i.launch.MavenLaunchDelegate -  mvn  -DarchetypeGroupId=org.apache.maven.archetypes -DarchetypeArtifactId=maven-archetype-quickstart -DarchetypeVersion=1.1 -DgroupId=com.bikkadit -DartifactId=ManyToMany -Dversion=0.0.1-SNAPSHOT -Dpackage=com.bikkadit.ManyToMany -DoutputDirectory=C:\Users\Amit\Desktop\JAVA_Work\hibernate_project_1 -Dstyle.color=always -U archetype:generate
2024-08-02 12:38:26,904 [Worker-0: Creating maven-archetype-quickstart] INFO  o.e.m.c.i.p.ProjectConfigurationManager - Collecting project info '/pom.xml' C:\Users\Amit\Desktop\JAVA_Work\hibernate_project_1\ManyToMany\pom.xml
2024-08-02 12:38:27,399 [Worker-0: Creating maven-archetype-quickstart] INFO  o.e.m.c.i.l.LifecycleMappingFactory - Using org.eclipse.m2e.jdt.JarLifecycleMapping lifecycle mapping for MavenProject: com.bikkadit:ManyToMany:0.0.1-SNAPSHOT @ C:\Users\Amit\Desktop\JAVA_Work\hibernate_project_1\ManyToMany\pom.xml.
2024-08-02 12:38:27,931 [Worker-0: Creating maven-archetype-quickstart] INFO  o.e.m.j.i.AbstractJavaProjectConfigurator - Adding source folder /ManyToMany/src/main/java
2024-08-02 12:38:27,934 [Worker-0: Creating maven-archetype-quickstart] INFO  o.e.m.j.i.AbstractJavaProjectConfigurator - Adding resource folder /ManyToMany/src/main/resources
2024-08-02 12:38:27,938 [Worker-0: Creating maven-archetype-quickstart] INFO  o.e.m.j.i.AbstractJavaProjectConfigurator - Adding source folder /ManyToMany/src/test/java
2024-08-02 12:38:27,940 [Worker-0: Creating maven-archetype-quickstart] INFO  o.e.m.j.i.AbstractJavaProjectConfigurator - Adding resource folder /ManyToMany/src/test/resources
2024-08-02 12:38:28,025 [Worker-0: Creating maven-archetype-quickstart] INFO  o.e.m.c.i.p.ProjectConfigurationManager - Imported and configured 1 project(s) in 1 sec
2024-08-02 12:38:28,330 [Worker-6: Building] INFO  o.a.m.s.f.DefaultMavenResourcesFiltering - skip non existing resourceDirectory C:\Users\Amit\Desktop\JAVA_Work\hibernate_project_1\ManyToMany\src\main\resources
2024-08-02 12:38:28,334 [Worker-6: Building] INFO  o.a.m.s.f.DefaultMavenResourcesFiltering - skip non existing resourceDirectory C:\Users\Amit\Desktop\JAVA_Work\hibernate_project_1\ManyToMany\src\test\resources
2024-08-02 12:38:55,815 [Worker-6: Building] INFO  o.e.m.c.i.l.LifecycleMappingFactory - Using org.eclipse.m2e.jdt.JarLifecycleMapping lifecycle mapping for MavenProject: com.bikkadit:ManyToMany:0.0.1-SNAPSHOT @ C:\Users\Amit\Desktop\JAVA_Work\hibernate_project_1\ManyToMany\pom.xml.
2024-08-02 12:38:56,023 [Worker-6: Building] INFO  o.a.m.s.f.DefaultMavenResourcesFiltering - skip non existing resourceDirectory C:\Users\Amit\Desktop\JAVA_Work\hibernate_project_1\ManyToMany\src\main\resources
2024-08-02 12:38:56,027 [Worker-6: Building] INFO  o.a.m.s.f.DefaultMavenResourcesFiltering - skip non existing resourceDirectory C:\Users\Amit\Desktop\JAVA_Work\hibernate_project_1\ManyToMany\src\test\resources
2024-08-02 12:38:57,398 [Worker-8: Building] INFO  o.a.m.s.f.DefaultMavenResourcesFiltering - skip non existing resourceDirectory C:\Users\Amit\Desktop\JAVA_Work\hibernate_project_1\ManyToMany\src\main\resources
2024-08-02 12:38:57,400 [Worker-8: Building] INFO  o.a.m.s.f.DefaultMavenResourcesFiltering - skip non existing resourceDirectory C:\Users\Amit\Desktop\JAVA_Work\hibernate_project_1\ManyToMany\src\test\resources
2024-08-02 12:39:11,899 [Worker-4: Building] INFO  o.a.m.s.f.DefaultMavenResourcesFiltering - skip non existing resourceDirectory C:\Users\Amit\Desktop\JAVA_Work\hibernate_project_1\ManyToMany\src\main\resources
2024-08-02 12:39:11,902 [Worker-4: Building] INFO  o.a.m.s.f.DefaultMavenResourcesFiltering - skip non existing resourceDirectory C:\Users\Amit\Desktop\JAVA_Work\hibernate_project_1\ManyToMany\src\test\resources
2024-08-02 12:40:16,880 [Worker-7: Building] INFO  o.a.m.s.f.DefaultMavenResourcesFiltering - skip non existing resourceDirectory C:\Users\Amit\Desktop\JAVA_Work\hibernate_project_1\ManyToMany\src\main\resources
2024-08-02 12:40:16,882 [Worker-7: Building] INFO  o.a.m.s.f.DefaultMavenResourcesFiltering - skip non existing resourceDirectory C:\Users\Amit\Desktop\JAVA_Work\hibernate_project_1\ManyToMany\src\test\resources
2024-08-02 12:41:12,584 [Worker-1: Building] INFO  o.a.m.s.f.DefaultMavenResourcesFiltering - skip non existing resourceDirectory C:\Users\Amit\Desktop\JAVA_Work\hibernate_project_1\ManyToMany\src\main\resources
2024-08-02 12:41:12,586 [Worker-1: Building] INFO  o.a.m.s.f.DefaultMavenResourcesFiltering - skip non existing resourceDirectory C:\Users\Amit\Desktop\JAVA_Work\hibernate_project_1\ManyToMany\src\test\resources
2024-08-02 12:41:27,991 [Worker-6: Building] INFO  o.a.m.s.f.DefaultMavenResourcesFiltering - skip non existing resourceDirectory C:\Users\Amit\Desktop\JAVA_Work\hibernate_project_1\ManyToMany\src\main\resources
2024-08-02 12:41:27,994 [Worker-6: Building] INFO  o.a.m.s.f.DefaultMavenResourcesFiltering - skip non existing resourceDirectory C:\Users\Amit\Desktop\JAVA_Work\hibernate_project_1\ManyToMany\src\test\resources
2024-08-02 12:42:33,403 [Worker-7: Building] INFO  o.a.m.s.f.DefaultMavenResourcesFiltering - skip non existing resourceDirectory C:\Users\Amit\Desktop\JAVA_Work\hibernate_project_1\ManyToMany\src\main\resources
2024-08-02 12:42:33,405 [Worker-7: Building] INFO  o.a.m.s.f.DefaultMavenResourcesFiltering - skip non existing resourceDirectory C:\Users\Amit\Desktop\JAVA_Work\hibernate_project_1\ManyToMany\src\test\resources
2024-08-02 12:46:33,487 [Worker-11: Building] INFO  o.a.m.s.f.DefaultMavenResourcesFiltering - skip non existing resourceDirectory C:\Users\Amit\Desktop\JAVA_Work\hibernate_project_1\ManyToMany\src\main\resources
2024-08-02 12:46:33,490 [Worker-11: Building] INFO  o.a.m.s.f.DefaultMavenResourcesFiltering - skip non existing resourceDirectory C:\Users\Amit\Desktop\JAVA_Work\hibernate_project_1\ManyToMany\src\test\resources
2024-08-02 12:47:01,697 [Worker-11: Building] INFO  o.a.m.s.f.DefaultMavenResourcesFiltering - skip non existing resourceDirectory C:\Users\Amit\Desktop\JAVA_Work\hibernate_project_1\ManyToMany\src\main\resources
2024-08-02 12:47:01,699 [Worker-11: Building] INFO  o.a.m.s.f.DefaultMavenResourcesFiltering - skip non existing resourceDirectory C:\Users\Amit\Desktop\JAVA_Work\hibernate_project_1\ManyToMany\src\test\resources
2024-08-02 12:48:03,154 [Worker-10: Building] INFO  o.a.m.s.f.DefaultMavenResourcesFiltering - skip non existing resourceDirectory C:\Users\Amit\Desktop\JAVA_Work\hibernate_project_1\ManyToMany\src\main\resources
2024-08-02 12:48:03,155 [Worker-10: Building] INFO  o.a.m.s.f.DefaultMavenResourcesFiltering - skip non existing resourceDirectory C:\Users\Amit\Desktop\JAVA_Work\hibernate_project_1\ManyToMany\src\test\resources
2024-08-02 12:49:16,464 [Worker-12: Building] INFO  o.a.m.s.f.DefaultMavenResourcesFiltering - skip non existing resourceDirectory C:\Users\Amit\Desktop\JAVA_Work\hibernate_project_1\ManyToMany\src\main\resources
2024-08-02 12:49:16,465 [Worker-12: Building] INFO  o.a.m.s.f.DefaultMavenResourcesFiltering - skip non existing resourceDirectory C:\Users\Amit\Desktop\JAVA_Work\hibernate_project_1\ManyToMany\src\test\resources
2024-08-02 12:49:41,659 [Worker-11: Building] INFO  o.a.m.s.f.DefaultMavenResourcesFiltering - skip non existing resourceDirectory C:\Users\Amit\Desktop\JAVA_Work\hibernate_project_1\ManyToMany\src\main\resources
2024-08-02 12:49:41,661 [Worker-11: Building] INFO  o.a.m.s.f.DefaultMavenResourcesFiltering - skip non existing resourceDirectory C:\Users\Amit\Desktop\JAVA_Work\hibernate_project_1\ManyToMany\src\test\resources
2024-08-02 12:49:57,881 [Worker-11: Updating Maven Project] INFO  o.e.m.c.i.p.ProjectConfigurationManager - Update started
2024-08-02 12:49:58,065 [Worker-11: Updating Maven Project] INFO  o.e.m.c.i.l.LifecycleMappingFactory - Using org.eclipse.m2e.jdt.JarLifecycleMapping lifecycle mapping for MavenProject: com.bikkadit:ManyToMany:0.0.1-SNAPSHOT @ C:\Users\Amit\Desktop\JAVA_Work\hibernate_project_1\ManyToMany\pom.xml.
2024-08-02 12:49:58,250 [Worker-11: Updating Maven Project] INFO  o.e.m.j.i.AbstractJavaProjectConfigurator - Adding source folder /ManyToMany/src/main/java
2024-08-02 12:49:58,251 [Worker-11: Updating Maven Project] INFO  o.e.m.j.i.AbstractJavaProjectConfigurator - Adding resource folder /ManyToMany/src/main/resources
2024-08-02 12:49:58,251 [Worker-11: Updating Maven Project] INFO  o.e.m.j.i.AbstractJavaProjectConfigurator - Adding source folder /ManyToMany/src/test/java
2024-08-02 12:49:58,252 [Worker-11: Updating Maven Project] INFO  o.e.m.j.i.AbstractJavaProjectConfigurator - Adding resource folder /ManyToMany/src/test/resources
2024-08-02 12:49:58,343 [Worker-11: Updating Maven Project] INFO  o.e.m.c.i.p.ProjectConfigurationManager - Update completed for 1 poms: local refresh takes 0.00 sec, refresh facades takes 0.00 sec, update config takes 0.00 sec 
2024-08-02 12:49:58,495 [Worker-10: Building] INFO  o.a.m.s.f.DefaultMavenResourcesFiltering - skip non existing resourceDirectory C:\Users\Amit\Desktop\JAVA_Work\hibernate_project_1\ManyToMany\src\main\resources
2024-08-02 12:49:58,497 [Worker-10: Building] INFO  o.a.m.s.f.DefaultMavenResourcesFiltering - skip non existing resourceDirectory C:\Users\Amit\Desktop\JAVA_Work\hibernate_project_1\ManyToMany\src\test\resources
2024-08-02 12:50:43,173 [Worker-12: Building] INFO  o.a.m.s.f.DefaultMavenResourcesFiltering - skip non existing resourceDirectory C:\Users\Amit\Desktop\JAVA_Work\hibernate_project_1\ManyToMany\src\main\resources
2024-08-02 12:50:43,174 [Worker-12: Building] INFO  o.a.m.s.f.DefaultMavenResourcesFiltering - skip non existing resourceDirectory C:\Users\Amit\Desktop\JAVA_Work\hibernate_project_1\ManyToMany\src\test\resources
2024-08-02 12:50:53,297 [Worker-1: Building] INFO  o.a.m.s.f.DefaultMavenResourcesFiltering - skip non existing resourceDirectory C:\Users\Amit\Desktop\JAVA_Work\hibernate_project_1\ManyToMany\src\main\resources
2024-08-02 12:50:53,299 [Worker-1: Building] INFO  o.a.m.s.f.DefaultMavenResourcesFiltering - skip non existing resourceDirectory C:\Users\Amit\Desktop\JAVA_Work\hibernate_project_1\ManyToMany\src\test\resources
2024-08-02 12:51:23,662 [Worker-10: Building] INFO  o.a.m.s.f.DefaultMavenResourcesFiltering - skip non existing resourceDirectory C:\Users\Amit\Desktop\JAVA_Work\hibernate_project_1\ManyToMany\src\main\resources
2024-08-02 12:51:23,663 [Worker-10: Building] INFO  o.a.m.s.f.DefaultMavenResourcesFiltering - skip non existing resourceDirectory C:\Users\Amit\Desktop\JAVA_Work\hibernate_project_1\ManyToMany\src\test\resources
2024-08-02 12:52:45,521 [Worker-14: Building] INFO  o.a.m.s.f.DefaultMavenResourcesFiltering - skip non existing resourceDirectory C:\Users\Amit\Desktop\JAVA_Work\hibernate_project_1\ManyToMany\src\main\resources
2024-08-02 12:52:45,522 [Worker-14: Building] INFO  o.a.m.s.f.DefaultMavenResourcesFiltering - skip non existing resourceDirectory C:\Users\Amit\Desktop\JAVA_Work\hibernate_project_1\ManyToMany\src\test\resources
2024-08-02 12:53:21,170 [Worker-11: Building] INFO  o.a.m.s.f.DefaultMavenResourcesFiltering - skip non existing resourceDirectory C:\Users\Amit\Desktop\JAVA_Work\hibernate_project_1\ManyToMany\src\main\resources
2024-08-02 12:53:21,172 [Worker-11: Building] INFO  o.a.m.s.f.DefaultMavenResourcesFiltering - skip non existing resourceDirectory C:\Users\Amit\Desktop\JAVA_Work\hibernate_project_1\ManyToMany\src\test\resources
2024-08-02 12:57:17,239 [Worker-13: Building] INFO  o.a.m.s.f.DefaultMavenResourcesFiltering - skip non existing resourceDirectory C:\Users\Amit\Desktop\JAVA_Work\hibernate_project_1\ManyToMany\src\main\resources
2024-08-02 12:57:17,240 [Worker-13: Building] INFO  o.a.m.s.f.DefaultMavenResourcesFiltering - skip non existing resourceDirectory C:\Users\Amit\Desktop\JAVA_Work\hibernate_project_1\ManyToMany\src\test\resources
2024-08-02 12:58:43,436 [Worker-14: Building] INFO  o.a.m.s.f.DefaultMavenResourcesFiltering - skip non existing resourceDirectory C:\Users\Amit\Desktop\JAVA_Work\hibernate_project_1\ManyToMany\src\main\resources
2024-08-02 12:58:43,438 [Worker-14: Building] INFO  o.a.m.s.f.DefaultMavenResourcesFiltering - skip non existing resourceDirectory C:\Users\Amit\Desktop\JAVA_Work\hibernate_project_1\ManyToMany\src\test\resources
2024-08-02 13:00:28,116 [Worker-11: Building] INFO  o.a.m.s.f.DefaultMavenResourcesFiltering - skip non existing resourceDirectory C:\Users\Amit\Desktop\JAVA_Work\hibernate_project_1\ManyToMany\src\main\resources
2024-08-02 13:00:28,117 [Worker-11: Building] INFO  o.a.m.s.f.DefaultMavenResourcesFiltering - skip non existing resourceDirectory C:\Users\Amit\Desktop\JAVA_Work\hibernate_project_1\ManyToMany\src\test\resources
2024-08-02 13:06:49,501 [Worker-11: Building] INFO  o.a.m.s.f.DefaultMavenResourcesFiltering - skip non existing resourceDirectory C:\Users\Amit\Desktop\JAVA_Work\hibernate_project_1\ManyToMany\src\main\resources
2024-08-02 13:06:49,503 [Worker-11: Building] INFO  o.a.m.s.f.DefaultMavenResourcesFiltering - skip non existing resourceDirectory C:\Users\Amit\Desktop\JAVA_Work\hibernate_project_1\ManyToMany\src\test\resources
2024-08-02 13:08:06,216 [Worker-16: Building] INFO  o.a.m.s.f.DefaultMavenResourcesFiltering - skip non existing resourceDirectory C:\Users\Amit\Desktop\JAVA_Work\hibernate_project_1\ManyToMany\src\main\resources
2024-08-02 13:08:06,218 [Worker-16: Building] INFO  o.a.m.s.f.DefaultMavenResourcesFiltering - skip non existing resourceDirectory C:\Users\Amit\Desktop\JAVA_Work\hibernate_project_1\ManyToMany\src\test\resources
2024-08-02 13:10:42,983 [Worker-15: Building] INFO  o.a.m.s.f.DefaultMavenResourcesFiltering - skip non existing resourceDirectory C:\Users\Amit\Desktop\JAVA_Work\hibernate_project_1\ManyToMany\src\main\resources
2024-08-02 13:10:42,984 [Worker-15: Building] INFO  o.a.m.s.f.DefaultMavenResourcesFiltering - skip non existing resourceDirectory C:\Users\Amit\Desktop\JAVA_Work\hibernate_project_1\ManyToMany\src\test\resources
2024-08-02 13:15:45,782 [Worker-21: Building] INFO  o.a.m.s.f.DefaultMavenResourcesFiltering - skip non existing resourceDirectory C:\Users\Amit\Desktop\JAVA_Work\hibernate_project_1\ManyToMany\src\main\resources
2024-08-02 13:15:45,784 [Worker-21: Building] INFO  o.a.m.s.f.DefaultMavenResourcesFiltering - skip non existing resourceDirectory C:\Users\Amit\Desktop\JAVA_Work\hibernate_project_1\ManyToMany\src\test\resources
2024-08-02 14:00:16,577 [Worker-25: Building] INFO  o.a.m.s.f.DefaultMavenResourcesFiltering - skip non existing resourceDirectory C:\Users\Amit\Desktop\JAVA_Work\hibernate_project_1\ManyToMany\src\main\resources
2024-08-02 14:00:16,579 [Worker-25: Building] INFO  o.a.m.s.f.DefaultMavenResourcesFiltering - skip non existing resourceDirectory C:\Users\Amit\Desktop\JAVA_Work\hibernate_project_1\ManyToMany\src\test\resources
2024-08-02 14:01:42,128 [Worker-25: Launching App (1)] INFO  o.a.m.s.f.DefaultMavenResourcesFiltering - skip non existing resourceDirectory C:\Users\Amit\Desktop\JAVA_Work\hibernate_project_1\ManyToMany\src\main\resources
2024-08-02 14:01:42,131 [Worker-25: Launching App (1)] INFO  o.a.m.s.f.DefaultMavenResourcesFiltering - skip non existing resourceDirectory C:\Users\Amit\Desktop\JAVA_Work\hibernate_project_1\ManyToMany\src\test\resources
2024-08-02 14:01:58,024 [Worker-28: Building] INFO  o.a.m.s.f.DefaultMavenResourcesFiltering - skip non existing resourceDirectory C:\Users\Amit\Desktop\JAVA_Work\hibernate_project_1\ManyToMany\src\main\resources
2024-08-02 14:01:58,025 [Worker-28: Building] INFO  o.a.m.s.f.DefaultMavenResourcesFiltering - skip non existing resourceDirectory C:\Users\Amit\Desktop\JAVA_Work\hibernate_project_1\ManyToMany\src\test\resources
2024-08-02 14:02:40,781 [Worker-22: Building] INFO  o.a.m.s.f.DefaultMavenResourcesFiltering - skip non existing resourceDirectory C:\Users\Amit\Desktop\JAVA_Work\hibernate_project_1\ManyToMany\src\main\resources
2024-08-02 14:02:40,782 [Worker-22: Building] INFO  o.a.m.s.f.DefaultMavenResourcesFiltering - skip non existing resourceDirectory C:\Users\Amit\Desktop\JAVA_Work\hibernate_project_1\ManyToMany\src\test\resources
2024-08-02 14:03:36,734 [Worker-26: Building] INFO  o.a.m.s.f.DefaultMavenResourcesFiltering - skip non existing resourceDirectory C:\Users\Amit\Desktop\JAVA_Work\hibernate_project_1\ManyToMany\src\main\resources
2024-08-02 14:03:36,736 [Worker-26: Building] INFO  o.a.m.s.f.DefaultMavenResourcesFiltering - skip non existing resourceDirectory C:\Users\Amit\Desktop\JAVA_Work\hibernate_project_1\ManyToMany\src\test\resources
2024-08-02 14:08:15,747 [Worker-30: Building] INFO  o.a.m.s.f.DefaultMavenResourcesFiltering - skip non existing resourceDirectory C:\Users\Amit\Desktop\JAVA_Work\hibernate_project_1\ManyToMany\src\main\resources
2024-08-02 14:08:15,749 [Worker-30: Building] INFO  o.a.m.s.f.DefaultMavenResourcesFiltering - skip non existing resourceDirectory C:\Users\Amit\Desktop\JAVA_Work\hibernate_project_1\ManyToMany\src\test\resources
2024-08-02 14:09:29,227 [Worker-29: Building] INFO  o.a.m.s.f.DefaultMavenResourcesFiltering - skip non existing resourceDirectory C:\Users\Amit\Desktop\JAVA_Work\hibernate_project_1\ManyToMany\src\main\resources
2024-08-02 14:09:29,228 [Worker-29: Building] INFO  o.a.m.s.f.DefaultMavenResourcesFiltering - skip non existing resourceDirectory C:\Users\Amit\Desktop\JAVA_Work\hibernate_project_1\ManyToMany\src\test\resources
2024-08-02 14:09:35,443 [Worker-33: Building] INFO  o.a.m.s.f.DefaultMavenResourcesFiltering - skip non existing resourceDirectory C:\Users\Amit\Desktop\JAVA_Work\hibernate_project_1\ManyToMany\src\main\resources
2024-08-02 14:09:35,444 [Worker-33: Building] INFO  o.a.m.s.f.DefaultMavenResourcesFiltering - skip non existing resourceDirectory C:\Users\Amit\Desktop\JAVA_Work\hibernate_project_1\ManyToMany\src\test\resources
2024-08-02 14:12:08,766 [Worker-22: Launching App (1)] INFO  o.a.m.s.f.DefaultMavenResourcesFiltering - skip non existing resourceDirectory C:\Users\Amit\Desktop\JAVA_Work\hibernate_project_1\ManyToMany\src\main\resources
2024-08-02 14:12:08,768 [Worker-22: Launching App (1)] INFO  o.a.m.s.f.DefaultMavenResourcesFiltering - skip non existing resourceDirectory C:\Users\Amit\Desktop\JAVA_Work\hibernate_project_1\ManyToMany\src\test\resources
2024-08-02 14:12:21,869 [Worker-32: Launching App (1)] INFO  o.a.m.s.f.DefaultMavenResourcesFiltering - skip non existing resourceDirectory C:\Users\Amit\Desktop\JAVA_Work\hibernate_project_1\ManyToMany\src\main\resources
2024-08-02 14:12:21,871 [Worker-32: Launching App (1)] INFO  o.a.m.s.f.DefaultMavenResourcesFiltering - skip non existing resourceDirectory C:\Users\Amit\Desktop\JAVA_Work\hibernate_project_1\ManyToMany\src\test\resources
2024-08-02 14:12:33,361 [Worker-34: Launching App (1)] INFO  o.a.m.s.f.DefaultMavenResourcesFiltering - skip non existing resourceDirectory C:\Users\Amit\Desktop\JAVA_Work\hibernate_project_1\ManyToMany\src\main\resources
2024-08-02 14:12:33,365 [Worker-34: Launching App (1)] INFO  o.a.m.s.f.DefaultMavenResourcesFiltering - skip non existing resourceDirectory C:\Users\Amit\Desktop\JAVA_Work\hibernate_project_1\ManyToMany\src\test\resources
2024-08-02 14:13:09,980 [Worker-34: Building] INFO  o.a.m.s.f.DefaultMavenResourcesFiltering - skip non existing resourceDirectory C:\Users\Amit\Desktop\JAVA_Work\hibernate_project_1\ManyToMany\src\main\resources
2024-08-02 14:13:09,981 [Worker-34: Building] INFO  o.a.m.s.f.DefaultMavenResourcesFiltering - skip non existing resourceDirectory C:\Users\Amit\Desktop\JAVA_Work\hibernate_project_1\ManyToMany\src\test\resources
2024-08-02 14:13:35,082 [Worker-30: Launching App (1)] INFO  o.a.m.s.f.DefaultMavenResourcesFiltering - skip non existing resourceDirectory C:\Users\Amit\Desktop\JAVA_Work\hibernate_project_1\ManyToMany\src\main\resources
2024-08-02 14:13:35,085 [Worker-30: Launching App (1)] INFO  o.a.m.s.f.DefaultMavenResourcesFiltering - skip non existing resourceDirectory C:\Users\Amit\Desktop\JAVA_Work\hibernate_project_1\ManyToMany\src\test\resources
2024-08-02 14:27:54,422 [Worker-36: Launching App (2)] INFO  o.a.m.s.f.DefaultMavenResourcesFiltering - skip non existing resourceDirectory C:\Users\Amit\Desktop\JAVA_Work\hibernate_project_1\OneToMany_Hibernate\src\main\resources
2024-08-02 14:27:54,425 [Worker-36: Launching App (2)] INFO  o.a.m.s.f.DefaultMavenResourcesFiltering - skip non existing resourceDirectory C:\Users\Amit\Desktop\JAVA_Work\hibernate_project_1\OneToMany_Hibernate\src\test\resources
2024-08-02 14:28:42,269 [Worker-36: Building] INFO  o.a.m.s.f.DefaultMavenResourcesFiltering - skip non existing resourceDirectory C:\Users\Amit\Desktop\JAVA_Work\hibernate_project_1\OneToMany_Hibernate\src\main\resources
2024-08-02 14:28:42,271 [Worker-36: Building] INFO  o.a.m.s.f.DefaultMavenResourcesFiltering - skip non existing resourceDirectory C:\Users\Amit\Desktop\JAVA_Work\hibernate_project_1\OneToMany_Hibernate\src\test\resources
2024-08-02 14:29:01,676 [Worker-22: Launching App (2)] INFO  o.a.m.s.f.DefaultMavenResourcesFiltering - skip non existing resourceDirectory C:\Users\Amit\Desktop\JAVA_Work\hibernate_project_1\OneToMany_Hibernate\src\main\resources
2024-08-02 14:29:01,679 [Worker-22: Launching App (2)] INFO  o.a.m.s.f.DefaultMavenResourcesFiltering - skip non existing resourceDirectory C:\Users\Amit\Desktop\JAVA_Work\hibernate_project_1\OneToMany_Hibernate\src\test\resources
2024-08-02 14:29:29,431 [Worker-36: Building] INFO  o.a.m.s.f.DefaultMavenResourcesFiltering - skip non existing resourceDirectory C:\Users\Amit\Desktop\JAVA_Work\hibernate_project_1\OneToMany_Hibernate\src\main\resources
2024-08-02 14:29:29,433 [Worker-36: Building] INFO  o.a.m.s.f.DefaultMavenResourcesFiltering - skip non existing resourceDirectory C:\Users\Amit\Desktop\JAVA_Work\hibernate_project_1\OneToMany_Hibernate\src\test\resources
2024-08-02 14:29:47,809 [Worker-36: Building] INFO  o.a.m.s.f.DefaultMavenResourcesFiltering - skip non existing resourceDirectory C:\Users\Amit\Desktop\JAVA_Work\hibernate_project_1\OneToMany_Hibernate\src\main\resources
2024-08-02 14:29:47,812 [Worker-36: Building] INFO  o.a.m.s.f.DefaultMavenResourcesFiltering - skip non existing resourceDirectory C:\Users\Amit\Desktop\JAVA_Work\hibernate_project_1\OneToMany_Hibernate\src\test\resources
2024-08-02 14:30:01,812 [Worker-42: Building] INFO  o.a.m.s.f.DefaultMavenResourcesFiltering - skip non existing resourceDirectory C:\Users\Amit\Desktop\JAVA_Work\hibernate_project_1\OneToMany_Hibernate\src\main\resources
2024-08-02 14:30:01,814 [Worker-42: Building] INFO  o.a.m.s.f.DefaultMavenResourcesFiltering - skip non existing resourceDirectory C:\Users\Amit\Desktop\JAVA_Work\hibernate_project_1\OneToMany_Hibernate\src\test\resources
2024-08-02 14:30:37,947 [Worker-41: Launching App (2)] INFO  o.a.m.s.f.DefaultMavenResourcesFiltering - skip non existing resourceDirectory C:\Users\Amit\Desktop\JAVA_Work\hibernate_project_1\OneToMany_Hibernate\src\main\resources
2024-08-02 14:30:37,950 [Worker-41: Launching App (2)] INFO  o.a.m.s.f.DefaultMavenResourcesFiltering - skip non existing resourceDirectory C:\Users\Amit\Desktop\JAVA_Work\hibernate_project_1\OneToMany_Hibernate\src\test\resources
2024-08-02 14:35:59,563 [Worker-22: Building] INFO  o.a.m.s.f.DefaultMavenResourcesFiltering - skip non existing resourceDirectory C:\Users\Amit\Desktop\JAVA_Work\hibernate_project_1\OneToMany_Hibernate\src\main\resources
2024-08-02 14:35:59,565 [Worker-22: Building] INFO  o.a.m.s.f.DefaultMavenResourcesFiltering - skip non existing resourceDirectory C:\Users\Amit\Desktop\JAVA_Work\hibernate_project_1\OneToMany_Hibernate\src\test\resources
2024-08-02 14:38:06,486 [Worker-44: Building] INFO  o.a.m.s.f.DefaultMavenResourcesFiltering - skip non existing resourceDirectory C:\Users\Amit\Desktop\JAVA_Work\hibernate_project_1\OneToMany_Hibernate\src\main\resources
2024-08-02 14:38:06,488 [Worker-44: Building] INFO  o.a.m.s.f.DefaultMavenResourcesFiltering - skip non existing resourceDirectory C:\Users\Amit\Desktop\JAVA_Work\hibernate_project_1\OneToMany_Hibernate\src\test\resources
2024-08-02 14:38:14,644 [Worker-40: Building] INFO  o.a.m.s.f.DefaultMavenResourcesFiltering - skip non existing resourceDirectory C:\Users\Amit\Desktop\JAVA_Work\hibernate_project_1\OneToMany_Hibernate\src\main\resources
2024-08-02 14:38:14,646 [Worker-40: Building] INFO  o.a.m.s.f.DefaultMavenResourcesFiltering - skip non existing resourceDirectory C:\Users\Amit\Desktop\JAVA_Work\hibernate_project_1\OneToMany_Hibernate\src\test\resources
2024-08-02 14:38:53,562 [Worker-45: Building] INFO  o.a.m.s.f.DefaultMavenResourcesFiltering - skip non existing resourceDirectory C:\Users\Amit\Desktop\JAVA_Work\hibernate_project_1\OneToMany_Hibernate\src\main\resources
2024-08-02 14:38:53,563 [Worker-45: Building] INFO  o.a.m.s.f.DefaultMavenResourcesFiltering - skip non existing resourceDirectory C:\Users\Amit\Desktop\JAVA_Work\hibernate_project_1\OneToMany_Hibernate\src\test\resources
2024-08-02 14:39:47,507 [Worker-44: Building] INFO  o.a.m.s.f.DefaultMavenResourcesFiltering - skip non existing resourceDirectory C:\Users\Amit\Desktop\JAVA_Work\hibernate_project_1\OneToMany_Hibernate\src\main\resources
2024-08-02 14:39:47,509 [Worker-44: Building] INFO  o.a.m.s.f.DefaultMavenResourcesFiltering - skip non existing resourceDirectory C:\Users\Amit\Desktop\JAVA_Work\hibernate_project_1\OneToMany_Hibernate\src\test\resources
2024-08-02 14:40:02,739 [Worker-22: Building] INFO  o.a.m.s.f.DefaultMavenResourcesFiltering - skip non existing resourceDirectory C:\Users\Amit\Desktop\JAVA_Work\hibernate_project_1\OneToMany_Hibernate\src\main\resources
2024-08-02 14:40:02,741 [Worker-22: Building] INFO  o.a.m.s.f.DefaultMavenResourcesFiltering - skip non existing resourceDirectory C:\Users\Amit\Desktop\JAVA_Work\hibernate_project_1\OneToMany_Hibernate\src\test\resources
2024-08-02 14:40:27,000 [Worker-44: Building] INFO  o.a.m.s.f.DefaultMavenResourcesFiltering - skip non existing resourceDirectory C:\Users\Amit\Desktop\JAVA_Work\hibernate_project_1\OneToMany_Hibernate\src\main\resources
2024-08-02 14:40:27,002 [Worker-44: Building] INFO  o.a.m.s.f.DefaultMavenResourcesFiltering - skip non existing resourceDirectory C:\Users\Amit\Desktop\JAVA_Work\hibernate_project_1\OneToMany_Hibernate\src\test\resources
2024-08-02 14:41:16,859 [Worker-44: Building] INFO  o.a.m.s.f.DefaultMavenResourcesFiltering - skip non existing resourceDirectory C:\Users\Amit\Desktop\JAVA_Work\hibernate_project_1\OneToMany_Hibernate\src\main\resources
2024-08-02 14:41:16,861 [Worker-44: Building] INFO  o.a.m.s.f.DefaultMavenResourcesFiltering - skip non existing resourceDirectory C:\Users\Amit\Desktop\JAVA_Work\hibernate_project_1\OneToMany_Hibernate\src\test\resources
2024-08-02 14:41:33,603 [Worker-45: Building] INFO  o.a.m.s.f.DefaultMavenResourcesFiltering - skip non existing resourceDirectory C:\Users\Amit\Desktop\JAVA_Work\hibernate_project_1\OneToMany_Hibernate\src\main\resources
2024-08-02 14:41:33,604 [Worker-45: Building] INFO  o.a.m.s.f.DefaultMavenResourcesFiltering - skip non existing resourceDirectory C:\Users\Amit\Desktop\JAVA_Work\hibernate_project_1\OneToMany_Hibernate\src\test\resources
2024-08-02 14:41:44,087 [Worker-22: Building] INFO  o.a.m.s.f.DefaultMavenResourcesFiltering - skip non existing resourceDirectory C:\Users\Amit\Desktop\JAVA_Work\hibernate_project_1\OneToMany_Hibernate\src\main\resources
2024-08-02 14:41:44,088 [Worker-22: Building] INFO  o.a.m.s.f.DefaultMavenResourcesFiltering - skip non existing resourceDirectory C:\Users\Amit\Desktop\JAVA_Work\hibernate_project_1\OneToMany_Hibernate\src\test\resources
2024-08-02 14:42:05,745 [Worker-22: Building] INFO  o.a.m.s.f.DefaultMavenResourcesFiltering - skip non existing resourceDirectory C:\Users\Amit\Desktop\JAVA_Work\hibernate_project_1\OneToMany_Hibernate\src\main\resources
2024-08-02 14:42:05,747 [Worker-22: Building] INFO  o.a.m.s.f.DefaultMavenResourcesFiltering - skip non existing resourceDirectory C:\Users\Amit\Desktop\JAVA_Work\hibernate_project_1\OneToMany_Hibernate\src\test\resources
2024-08-02 14:42:46,633 [Worker-44: Building] INFO  o.a.m.s.f.DefaultMavenResourcesFiltering - skip non existing resourceDirectory C:\Users\Amit\Desktop\JAVA_Work\hibernate_project_1\OneToMany_Hibernate\src\main\resources
2024-08-02 14:42:46,635 [Worker-44: Building] INFO  o.a.m.s.f.DefaultMavenResourcesFiltering - skip non existing resourceDirectory C:\Users\Amit\Desktop\JAVA_Work\hibernate_project_1\OneToMany_Hibernate\src\test\resources
2024-08-02 14:42:51,870 [Worker-45: Building] INFO  o.a.m.s.f.DefaultMavenResourcesFiltering - skip non existing resourceDirectory C:\Users\Amit\Desktop\JAVA_Work\hibernate_project_1\OneToMany_Hibernate\src\main\resources
2024-08-02 14:42:51,872 [Worker-45: Building] INFO  o.a.m.s.f.DefaultMavenResourcesFiltering - skip non existing resourceDirectory C:\Users\Amit\Desktop\JAVA_Work\hibernate_project_1\OneToMany_Hibernate\src\test\resources
2024-08-02 14:43:04,553 [Worker-47: Building] INFO  o.a.m.s.f.DefaultMavenResourcesFiltering - skip non existing resourceDirectory C:\Users\Amit\Desktop\JAVA_Work\hibernate_project_1\OneToMany_Hibernate\src\main\resources
2024-08-02 14:43:04,555 [Worker-47: Building] INFO  o.a.m.s.f.DefaultMavenResourcesFiltering - skip non existing resourceDirectory C:\Users\Amit\Desktop\JAVA_Work\hibernate_project_1\OneToMany_Hibernate\src\test\resources
2024-08-02 14:43:28,833 [Worker-47: Building] INFO  o.a.m.s.f.DefaultMavenResourcesFiltering - skip non existing resourceDirectory C:\Users\Amit\Desktop\JAVA_Work\hibernate_project_1\OneToMany_Hibernate\src\main\resources
2024-08-02 14:43:28,834 [Worker-47: Building] INFO  o.a.m.s.f.DefaultMavenResourcesFiltering - skip non existing resourceDirectory C:\Users\Amit\Desktop\JAVA_Work\hibernate_project_1\OneToMany_Hibernate\src\test\resources
2024-08-02 14:45:38,384 [Worker-45: Building] INFO  o.a.m.s.f.DefaultMavenResourcesFiltering - skip non existing resourceDirectory C:\Users\Amit\Desktop\JAVA_Work\hibernate_project_1\OneToMany_Hibernate\src\main\resources
2024-08-02 14:45:38,386 [Worker-45: Building] INFO  o.a.m.s.f.DefaultMavenResourcesFiltering - skip non existing resourceDirectory C:\Users\Amit\Desktop\JAVA_Work\hibernate_project_1\OneToMany_Hibernate\src\test\resources
2024-08-02 14:53:37,450 [Worker-48: Building] INFO  o.a.m.s.f.DefaultMavenResourcesFiltering - skip non existing resourceDirectory C:\Users\Amit\Desktop\JAVA_Work\hibernate_project_1\OneToMany_Hibernate\src\main\resources
2024-08-02 14:53:37,453 [Worker-48: Building] INFO  o.a.m.s.f.DefaultMavenResourcesFiltering - skip non existing resourceDirectory C:\Users\Amit\Desktop\JAVA_Work\hibernate_project_1\OneToMany_Hibernate\src\test\resources
2024-08-02 14:55:34,384 [Worker-48: Building] INFO  o.a.m.s.f.DefaultMavenResourcesFiltering - skip non existing resourceDirectory C:\Users\Amit\Desktop\JAVA_Work\hibernate_project_1\OneToMany_Hibernate\src\main\resources
2024-08-02 14:55:34,387 [Worker-48: Building] INFO  o.a.m.s.f.DefaultMavenResourcesFiltering - skip non existing resourceDirectory C:\Users\Amit\Desktop\JAVA_Work\hibernate_project_1\OneToMany_Hibernate\src\test\resources
2024-08-02 15:02:25,273 [Worker-55: Building] INFO  o.a.m.s.f.DefaultMavenResourcesFiltering - skip non existing resourceDirectory C:\Users\Amit\Desktop\JAVA_Work\hibernate_project_1\OneToMany_Hibernate\src\main\resources
2024-08-02 15:02:25,275 [Worker-55: Building] INFO  o.a.m.s.f.DefaultMavenResourcesFiltering - skip non existing resourceDirectory C:\Users\Amit\Desktop\JAVA_Work\hibernate_project_1\OneToMany_Hibernate\src\test\resources
2024-08-02 15:05:28,355 [Worker-56: Building] INFO  o.a.m.s.f.DefaultMavenResourcesFiltering - skip non existing resourceDirectory C:\Users\Amit\Desktop\JAVA_Work\hibernate_project_1\OneToMany_Hibernate\src\main\resources
2024-08-02 15:05:28,357 [Worker-56: Building] INFO  o.a.m.s.f.DefaultMavenResourcesFiltering - skip non existing resourceDirectory C:\Users\Amit\Desktop\JAVA_Work\hibernate_project_1\OneToMany_Hibernate\src\test\resources
2024-08-02 15:05:44,638 [Worker-52: Building] INFO  o.a.m.s.f.DefaultMavenResourcesFiltering - skip non existing resourceDirectory C:\Users\Amit\Desktop\JAVA_Work\hibernate_project_1\OneToMany_Hibernate\src\main\resources
2024-08-02 15:05:44,640 [Worker-52: Building] INFO  o.a.m.s.f.DefaultMavenResourcesFiltering - skip non existing resourceDirectory C:\Users\Amit\Desktop\JAVA_Work\hibernate_project_1\OneToMany_Hibernate\src\test\resources
2024-08-02 15:06:05,546 [Worker-56: Building] INFO  o.a.m.s.f.DefaultMavenResourcesFiltering - skip non existing resourceDirectory C:\Users\Amit\Desktop\JAVA_Work\hibernate_project_1\OneToMany_Hibernate\src\main\resources
2024-08-02 15:06:05,548 [Worker-56: Building] INFO  o.a.m.s.f.DefaultMavenResourcesFiltering - skip non existing resourceDirectory C:\Users\Amit\Desktop\JAVA_Work\hibernate_project_1\OneToMany_Hibernate\src\test\resources
2024-08-02 15:06:51,451 [Worker-52: Building] INFO  o.a.m.s.f.DefaultMavenResourcesFiltering - skip non existing resourceDirectory C:\Users\Amit\Desktop\JAVA_Work\hibernate_project_1\OneToMany_Hibernate\src\main\resources
2024-08-02 15:06:51,453 [Worker-52: Building] INFO  o.a.m.s.f.DefaultMavenResourcesFiltering - skip non existing resourceDirectory C:\Users\Amit\Desktop\JAVA_Work\hibernate_project_1\OneToMany_Hibernate\src\test\resources
2024-08-02 15:07:02,552 [Worker-56: Building] INFO  o.a.m.s.f.DefaultMavenResourcesFiltering - skip non existing resourceDirectory C:\Users\Amit\Desktop\JAVA_Work\hibernate_project_1\OneToMany_Hibernate\src\main\resources
2024-08-02 15:07:02,554 [Worker-56: Building] INFO  o.a.m.s.f.DefaultMavenResourcesFiltering - skip non existing resourceDirectory C:\Users\Amit\Desktop\JAVA_Work\hibernate_project_1\OneToMany_Hibernate\src\test\resources
2024-08-02 15:09:00,697 [Worker-54: Building] INFO  o.a.m.s.f.DefaultMavenResourcesFiltering - skip non existing resourceDirectory C:\Users\Amit\Desktop\JAVA_Work\hibernate_project_1\OneToMany_Hibernate\src\main\resources
2024-08-02 15:09:00,699 [Worker-54: Building] INFO  o.a.m.s.f.DefaultMavenResourcesFiltering - skip non existing resourceDirectory C:\Users\Amit\Desktop\JAVA_Work\hibernate_project_1\OneToMany_Hibernate\src\test\resources
2024-08-02 15:09:10,234 [Worker-54: Building] INFO  o.a.m.s.f.DefaultMavenResourcesFiltering - skip non existing resourceDirectory C:\Users\Amit\Desktop\JAVA_Work\hibernate_project_1\OneToMany_Hibernate\src\main\resources
2024-08-02 15:09:10,236 [Worker-54: Building] INFO  o.a.m.s.f.DefaultMavenResourcesFiltering - skip non existing resourceDirectory C:\Users\Amit\Desktop\JAVA_Work\hibernate_project_1\OneToMany_Hibernate\src\test\resources
2024-08-02 15:10:01,730 [Worker-55: Building] INFO  o.a.m.s.f.DefaultMavenResourcesFiltering - skip non existing resourceDirectory C:\Users\Amit\Desktop\JAVA_Work\hibernate_project_1\OneToMany_Hibernate\src\main\resources
2024-08-02 15:10:01,733 [Worker-55: Building] INFO  o.a.m.s.f.DefaultMavenResourcesFiltering - skip non existing resourceDirectory C:\Users\Amit\Desktop\JAVA_Work\hibernate_project_1\OneToMany_Hibernate\src\test\resources
2024-08-02 15:10:22,078 [Worker-54: Building] INFO  o.a.m.s.f.DefaultMavenResourcesFiltering - skip non existing resourceDirectory C:\Users\Amit\Desktop\JAVA_Work\hibernate_project_1\OneToMany_Hibernate\src\main\resources
2024-08-02 15:10:22,079 [Worker-54: Building] INFO  o.a.m.s.f.DefaultMavenResourcesFiltering - skip non existing resourceDirectory C:\Users\Amit\Desktop\JAVA_Work\hibernate_project_1\OneToMany_Hibernate\src\test\resources
2024-08-02 15:11:00,166 [Worker-55: Building] INFO  o.a.m.s.f.DefaultMavenResourcesFiltering - skip non existing resourceDirectory C:\Users\Amit\Desktop\JAVA_Work\hibernate_project_1\OneToMany_Hibernate\src\main\resources
2024-08-02 15:11:00,167 [Worker-55: Building] INFO  o.a.m.s.f.DefaultMavenResourcesFiltering - skip non existing resourceDirectory C:\Users\Amit\Desktop\JAVA_Work\hibernate_project_1\OneToMany_Hibernate\src\test\resources
2024-08-02 15:12:34,328 [Worker-50: Building] INFO  o.a.m.s.f.DefaultMavenResourcesFiltering - skip non existing resourceDirectory C:\Users\Amit\Desktop\JAVA_Work\hibernate_project_1\OneToMany_Hibernate\src\main\resources
2024-08-02 15:12:34,331 [Worker-50: Building] INFO  o.a.m.s.f.DefaultMavenResourcesFiltering - skip non existing resourceDirectory C:\Users\Amit\Desktop\JAVA_Work\hibernate_project_1\OneToMany_Hibernate\src\test\resources
2024-08-02 15:13:16,813 [Worker-59: Building] INFO  o.a.m.s.f.DefaultMavenResourcesFiltering - skip non existing resourceDirectory C:\Users\Amit\Desktop\JAVA_Work\hibernate_project_1\OneToMany_Hibernate\src\main\resources
2024-08-02 15:13:16,819 [Worker-59: Building] INFO  o.a.m.s.f.DefaultMavenResourcesFiltering - skip non existing resourceDirectory C:\Users\Amit\Desktop\JAVA_Work\hibernate_project_1\OneToMany_Hibernate\src\test\resources
2024-08-02 15:13:37,263 [Worker-50: Building] INFO  o.a.m.s.f.DefaultMavenResourcesFiltering - skip non existing resourceDirectory C:\Users\Amit\Desktop\JAVA_Work\hibernate_project_1\OneToMany_Hibernate\src\main\resources
2024-08-02 15:13:37,265 [Worker-50: Building] INFO  o.a.m.s.f.DefaultMavenResourcesFiltering - skip non existing resourceDirectory C:\Users\Amit\Desktop\JAVA_Work\hibernate_project_1\OneToMany_Hibernate\src\test\resources
2024-08-02 15:13:57,648 [Worker-54: Building] INFO  o.a.m.s.f.DefaultMavenResourcesFiltering - skip non existing resourceDirectory C:\Users\Amit\Desktop\JAVA_Work\hibernate_project_1\OneToMany_Hibernate\src\main\resources
2024-08-02 15:13:57,650 [Worker-54: Building] INFO  o.a.m.s.f.DefaultMavenResourcesFiltering - skip non existing resourceDirectory C:\Users\Amit\Desktop\JAVA_Work\hibernate_project_1\OneToMany_Hibernate\src\test\resources
2024-08-02 15:14:14,362 [Worker-59: Building] INFO  o.a.m.s.f.DefaultMavenResourcesFiltering - skip non existing resourceDirectory C:\Users\Amit\Desktop\JAVA_Work\hibernate_project_1\OneToMany_Hibernate\src\main\resources
2024-08-02 15:14:14,364 [Worker-59: Building] INFO  o.a.m.s.f.DefaultMavenResourcesFiltering - skip non existing resourceDirectory C:\Users\Amit\Desktop\JAVA_Work\hibernate_project_1\OneToMany_Hibernate\src\test\resources
2024-08-02 15:45:07,745 [Worker-64: Building] INFO  o.a.m.s.f.DefaultMavenResourcesFiltering - skip non existing resourceDirectory C:\Users\Amit\Desktop\JAVA_Work\hibernate_project_1\OneToMany_Hibernate\src\main\resources
2024-08-02 15:45:07,747 [Worker-64: Building] INFO  o.a.m.s.f.DefaultMavenResourcesFiltering - skip non existing resourceDirectory C:\Users\Amit\Desktop\JAVA_Work\hibernate_project_1\OneToMany_Hibernate\src\test\resources
2024-08-02 15:45:55,022 [Worker-66: Building] INFO  o.a.m.s.f.DefaultMavenResourcesFiltering - skip non existing resourceDirectory C:\Users\Amit\Desktop\JAVA_Work\hibernate_project_1\OneToMany_Hibernate\src\main\resources
2024-08-02 15:45:55,024 [Worker-66: Building] INFO  o.a.m.s.f.DefaultMavenResourcesFiltering - skip non existing resourceDirectory C:\Users\Amit\Desktop\JAVA_Work\hibernate_project_1\OneToMany_Hibernate\src\test\resources
2024-08-02 15:47:40,859 [Worker-64: Building] INFO  o.a.m.s.f.DefaultMavenResourcesFiltering - skip non existing resourceDirectory C:\Users\Amit\Desktop\JAVA_Work\hibernate_project_1\OneToMany_Hibernate\src\main\resources
2024-08-02 15:47:40,861 [Worker-64: Building] INFO  o.a.m.s.f.DefaultMavenResourcesFiltering - skip non existing resourceDirectory C:\Users\Amit\Desktop\JAVA_Work\hibernate_project_1\OneToMany_Hibernate\src\test\resources
2024-08-02 15:48:52,673 [Worker-64: Building] INFO  o.a.m.s.f.DefaultMavenResourcesFiltering - skip non existing resourceDirectory C:\Users\Amit\Desktop\JAVA_Work\hibernate_project_1\OneToMany_Hibernate\src\main\resources
2024-08-02 15:48:52,676 [Worker-64: Building] INFO  o.a.m.s.f.DefaultMavenResourcesFiltering - skip non existing resourceDirectory C:\Users\Amit\Desktop\JAVA_Work\hibernate_project_1\OneToMany_Hibernate\src\test\resources
2024-08-02 15:49:09,407 [Worker-64: Building] INFO  o.a.m.s.f.DefaultMavenResourcesFiltering - skip non existing resourceDirectory C:\Users\Amit\Desktop\JAVA_Work\hibernate_project_1\OneToMany_Hibernate\src\main\resources
2024-08-02 15:49:09,409 [Worker-64: Building] INFO  o.a.m.s.f.DefaultMavenResourcesFiltering - skip non existing resourceDirectory C:\Users\Amit\Desktop\JAVA_Work\hibernate_project_1\OneToMany_Hibernate\src\test\resources
2024-08-02 15:49:43,252 [Worker-69: Building] INFO  o.a.m.s.f.DefaultMavenResourcesFiltering - skip non existing resourceDirectory C:\Users\Amit\Desktop\JAVA_Work\hibernate_project_1\OneToMany_Hibernate\src\main\resources
2024-08-02 15:49:43,254 [Worker-69: Building] INFO  o.a.m.s.f.DefaultMavenResourcesFiltering - skip non existing resourceDirectory C:\Users\Amit\Desktop\JAVA_Work\hibernate_project_1\OneToMany_Hibernate\src\test\resources
2024-08-02 15:50:06,460 [Worker-71: Launching App (2)] INFO  o.a.m.s.f.DefaultMavenResourcesFiltering - skip non existing resourceDirectory C:\Users\Amit\Desktop\JAVA_Work\hibernate_project_1\OneToMany_Hibernate\src\main\resources
2024-08-02 15:50:06,462 [Worker-71: Launching App (2)] INFO  o.a.m.s.f.DefaultMavenResourcesFiltering - skip non existing resourceDirectory C:\Users\Amit\Desktop\JAVA_Work\hibernate_project_1\OneToMany_Hibernate\src\test\resources
2024-08-02 15:57:38,032 [Worker-76: Building] INFO  o.a.m.s.f.DefaultMavenResourcesFiltering - skip non existing resourceDirectory C:\Users\Amit\Desktop\JAVA_Work\hibernate_project_1\OneToMany_Hibernate\src\main\resources
2024-08-02 15:57:38,033 [Worker-76: Building] INFO  o.a.m.s.f.DefaultMavenResourcesFiltering - skip non existing resourceDirectory C:\Users\Amit\Desktop\JAVA_Work\hibernate_project_1\OneToMany_Hibernate\src\test\resources
2024-08-02 15:59:22,634 [Worker-73: Building] INFO  o.a.m.s.f.DefaultMavenResourcesFiltering - skip non existing resourceDirectory C:\Users\Amit\Desktop\JAVA_Work\hibernate_project_1\OneToMany_Hibernate\src\main\resources
2024-08-02 15:59:22,636 [Worker-73: Building] INFO  o.a.m.s.f.DefaultMavenResourcesFiltering - skip non existing resourceDirectory C:\Users\Amit\Desktop\JAVA_Work\hibernate_project_1\OneToMany_Hibernate\src\test\resources
2024-08-02 15:59:58,387 [Worker-75: Building] INFO  o.a.m.s.f.DefaultMavenResourcesFiltering - skip non existing resourceDirectory C:\Users\Amit\Desktop\JAVA_Work\hibernate_project_1\OneToMany_Hibernate\src\main\resources
2024-08-02 15:59:58,388 [Worker-75: Building] INFO  o.a.m.s.f.DefaultMavenResourcesFiltering - skip non existing resourceDirectory C:\Users\Amit\Desktop\JAVA_Work\hibernate_project_1\OneToMany_Hibernate\src\test\resources
2024-08-02 16:00:04,370 [Worker-73: Launching App (2)] INFO  o.a.m.s.f.DefaultMavenResourcesFiltering - skip non existing resourceDirectory C:\Users\Amit\Desktop\JAVA_Work\hibernate_project_1\OneToMany_Hibernate\src\main\resources
2024-08-02 16:00:04,371 [Worker-73: Launching App (2)] INFO  o.a.m.s.f.DefaultMavenResourcesFiltering - skip non existing resourceDirectory C:\Users\Amit\Desktop\JAVA_Work\hibernate_project_1\OneToMany_Hibernate\src\test\resources
2024-08-02 16:00:25,090 [Worker-76: Building] INFO  o.a.m.s.f.DefaultMavenResourcesFiltering - skip non existing resourceDirectory C:\Users\Amit\Desktop\JAVA_Work\hibernate_project_1\OneToMany_Hibernate\src\main\resources
2024-08-02 16:00:25,091 [Worker-76: Building] INFO  o.a.m.s.f.DefaultMavenResourcesFiltering - skip non existing resourceDirectory C:\Users\Amit\Desktop\JAVA_Work\hibernate_project_1\OneToMany_Hibernate\src\test\resources
2024-08-02 16:01:47,017 [Worker-69: Building] INFO  o.a.m.s.f.DefaultMavenResourcesFiltering - skip non existing resourceDirectory C:\Users\Amit\Desktop\JAVA_Work\hibernate_project_1\OneToMany_Hibernate\src\main\resources
2024-08-02 16:01:47,018 [Worker-69: Building] INFO  o.a.m.s.f.DefaultMavenResourcesFiltering - skip non existing resourceDirectory C:\Users\Amit\Desktop\JAVA_Work\hibernate_project_1\OneToMany_Hibernate\src\test\resources
2024-08-02 16:02:03,231 [Worker-78: Building] INFO  o.a.m.s.f.DefaultMavenResourcesFiltering - skip non existing resourceDirectory C:\Users\Amit\Desktop\JAVA_Work\hibernate_project_1\OneToMany_Hibernate\src\main\resources
2024-08-02 16:02:03,232 [Worker-78: Building] INFO  o.a.m.s.f.DefaultMavenResourcesFiltering - skip non existing resourceDirectory C:\Users\Amit\Desktop\JAVA_Work\hibernate_project_1\OneToMany_Hibernate\src\test\resources
2024-08-02 16:02:49,624 [Worker-78: Building] INFO  o.a.m.s.f.DefaultMavenResourcesFiltering - skip non existing resourceDirectory C:\Users\Amit\Desktop\JAVA_Work\hibernate_project_1\OneToMany_Hibernate\src\main\resources
2024-08-02 16:02:49,625 [Worker-78: Building] INFO  o.a.m.s.f.DefaultMavenResourcesFiltering - skip non existing resourceDirectory C:\Users\Amit\Desktop\JAVA_Work\hibernate_project_1\OneToMany_Hibernate\src\test\resources
2024-08-02 16:02:52,646 [Worker-77: Launching App (2)] INFO  o.a.m.s.f.DefaultMavenResourcesFiltering - skip non existing resourceDirectory C:\Users\Amit\Desktop\JAVA_Work\hibernate_project_1\OneToMany_Hibernate\src\main\resources
2024-08-02 16:02:52,647 [Worker-77: Launching App (2)] INFO  o.a.m.s.f.DefaultMavenResourcesFiltering - skip non existing resourceDirectory C:\Users\Amit\Desktop\JAVA_Work\hibernate_project_1\OneToMany_Hibernate\src\test\resources
2024-08-02 16:03:40,268 [Worker-76: Building] INFO  o.a.m.s.f.DefaultMavenResourcesFiltering - skip non existing resourceDirectory C:\Users\Amit\Desktop\JAVA_Work\hibernate_project_1\OneToMany_Hibernate\src\main\resources
2024-08-02 16:03:40,269 [Worker-76: Building] INFO  o.a.m.s.f.DefaultMavenResourcesFiltering - skip non existing resourceDirectory C:\Users\Amit\Desktop\JAVA_Work\hibernate_project_1\OneToMany_Hibernate\src\test\resources
2024-08-02 16:03:56,466 [Worker-75: Building] INFO  o.a.m.s.f.DefaultMavenResourcesFiltering - skip non existing resourceDirectory C:\Users\Amit\Desktop\JAVA_Work\hibernate_project_1\OneToMany_Hibernate\src\main\resources
2024-08-02 16:03:56,468 [Worker-75: Building] INFO  o.a.m.s.f.DefaultMavenResourcesFiltering - skip non existing resourceDirectory C:\Users\Amit\Desktop\JAVA_Work\hibernate_project_1\OneToMany_Hibernate\src\test\resources
2024-08-02 16:05:42,221 [Worker-80: Building] INFO  o.a.m.s.f.DefaultMavenResourcesFiltering - skip non existing resourceDirectory C:\Users\Amit\Desktop\JAVA_Work\hibernate_project_1\OneToMany_Hibernate\src\main\resources
2024-08-02 16:05:42,222 [Worker-80: Building] INFO  o.a.m.s.f.DefaultMavenResourcesFiltering - skip non existing resourceDirectory C:\Users\Amit\Desktop\JAVA_Work\hibernate_project_1\OneToMany_Hibernate\src\test\resources
2024-08-02 16:05:46,110 [Worker-79: Launching App (2)] INFO  o.a.m.s.f.DefaultMavenResourcesFiltering - skip non existing resourceDirectory C:\Users\Amit\Desktop\JAVA_Work\hibernate_project_1\OneToMany_Hibernate\src\main\resources
2024-08-02 16:05:46,112 [Worker-79: Launching App (2)] INFO  o.a.m.s.f.DefaultMavenResourcesFiltering - skip non existing resourceDirectory C:\Users\Amit\Desktop\JAVA_Work\hibernate_project_1\OneToMany_Hibernate\src\test\resources
2024-08-02 16:06:12,912 [Worker-76: Building] INFO  o.a.m.s.f.DefaultMavenResourcesFiltering - skip non existing resourceDirectory C:\Users\Amit\Desktop\JAVA_Work\hibernate_project_1\OneToMany_Hibernate\src\main\resources
2024-08-02 16:06:12,913 [Worker-76: Building] INFO  o.a.m.s.f.DefaultMavenResourcesFiltering - skip non existing resourceDirectory C:\Users\Amit\Desktop\JAVA_Work\hibernate_project_1\OneToMany_Hibernate\src\test\resources
2024-08-02 16:06:27,021 [Worker-80: Building] INFO  o.a.m.s.f.DefaultMavenResourcesFiltering - skip non existing resourceDirectory C:\Users\Amit\Desktop\JAVA_Work\hibernate_project_1\OneToMany_Hibernate\src\main\resources
2024-08-02 16:06:27,022 [Worker-80: Building] INFO  o.a.m.s.f.DefaultMavenResourcesFiltering - skip non existing resourceDirectory C:\Users\Amit\Desktop\JAVA_Work\hibernate_project_1\OneToMany_Hibernate\src\test\resources
2024-08-02 16:06:44,017 [Worker-83: Building] INFO  o.a.m.s.f.DefaultMavenResourcesFiltering - skip non existing resourceDirectory C:\Users\Amit\Desktop\JAVA_Work\hibernate_project_1\OneToMany_Hibernate\src\main\resources
2024-08-02 16:06:44,019 [Worker-83: Building] INFO  o.a.m.s.f.DefaultMavenResourcesFiltering - skip non existing resourceDirectory C:\Users\Amit\Desktop\JAVA_Work\hibernate_project_1\OneToMany_Hibernate\src\test\resources
2024-08-02 16:07:44,141 [Worker-82: Building] INFO  o.a.m.s.f.DefaultMavenResourcesFiltering - skip non existing resourceDirectory C:\Users\Amit\Desktop\JAVA_Work\hibernate_project_1\OneToMany_Hibernate\src\main\resources
2024-08-02 16:07:44,142 [Worker-82: Building] INFO  o.a.m.s.f.DefaultMavenResourcesFiltering - skip non existing resourceDirectory C:\Users\Amit\Desktop\JAVA_Work\hibernate_project_1\OneToMany_Hibernate\src\test\resources
2024-08-02 16:08:01,417 [Worker-79: Building] INFO  o.a.m.s.f.DefaultMavenResourcesFiltering - skip non existing resourceDirectory C:\Users\Amit\Desktop\JAVA_Work\hibernate_project_1\OneToMany_Hibernate\src\main\resources
2024-08-02 16:08:01,417 [Worker-79: Building] INFO  o.a.m.s.f.DefaultMavenResourcesFiltering - skip non existing resourceDirectory C:\Users\Amit\Desktop\JAVA_Work\hibernate_project_1\OneToMany_Hibernate\src\test\resources
2024-08-02 16:08:14,705 [Worker-82: Building] INFO  o.a.m.s.f.DefaultMavenResourcesFiltering - skip non existing resourceDirectory C:\Users\Amit\Desktop\JAVA_Work\hibernate_project_1\OneToMany_Hibernate\src\main\resources
2024-08-02 16:08:14,706 [Worker-82: Building] INFO  o.a.m.s.f.DefaultMavenResourcesFiltering - skip non existing resourceDirectory C:\Users\Amit\Desktop\JAVA_Work\hibernate_project_1\OneToMany_Hibernate\src\test\resources
2024-08-02 16:08:43,425 [Worker-81: Building] INFO  o.a.m.s.f.DefaultMavenResourcesFiltering - skip non existing resourceDirectory C:\Users\Amit\Desktop\JAVA_Work\hibernate_project_1\OneToMany_Hibernate\src\main\resources
2024-08-02 16:08:43,427 [Worker-81: Building] INFO  o.a.m.s.f.DefaultMavenResourcesFiltering - skip non existing resourceDirectory C:\Users\Amit\Desktop\JAVA_Work\hibernate_project_1\OneToMany_Hibernate\src\test\resources
2024-08-02 16:09:19,392 [Worker-76: Building] INFO  o.a.m.s.f.DefaultMavenResourcesFiltering - skip non existing resourceDirectory C:\Users\Amit\Desktop\JAVA_Work\hibernate_project_1\OneToMany_Hibernate\src\main\resources
2024-08-02 16:09:19,393 [Worker-76: Building] INFO  o.a.m.s.f.DefaultMavenResourcesFiltering - skip non existing resourceDirectory C:\Users\Amit\Desktop\JAVA_Work\hibernate_project_1\OneToMany_Hibernate\src\test\resources
2024-08-02 16:09:38,541 [Worker-83: Launching App (2)] INFO  o.a.m.s.f.DefaultMavenResourcesFiltering - skip non existing resourceDirectory C:\Users\Amit\Desktop\JAVA_Work\hibernate_project_1\OneToMany_Hibernate\src\main\resources
2024-08-02 16:09:38,544 [Worker-83: Launching App (2)] INFO  o.a.m.s.f.DefaultMavenResourcesFiltering - skip non existing resourceDirectory C:\Users\Amit\Desktop\JAVA_Work\hibernate_project_1\OneToMany_Hibernate\src\test\resources
2024-08-02 16:09:50,214 [Worker-76: Building] INFO  o.a.m.s.f.DefaultMavenResourcesFiltering - skip non existing resourceDirectory C:\Users\Amit\Desktop\JAVA_Work\hibernate_project_1\OneToMany_Hibernate\src\main\resources
2024-08-02 16:09:50,215 [Worker-76: Building] INFO  o.a.m.s.f.DefaultMavenResourcesFiltering - skip non existing resourceDirectory C:\Users\Amit\Desktop\JAVA_Work\hibernate_project_1\OneToMany_Hibernate\src\test\resources
2024-08-03 10:36:32,962 [Worker-4: Loading available Gradle versions] INFO  o.e.b.c.i.u.g.PublishedGradleVersions - Gradle version information cache is up-to-date. Trying to read.
2024-08-03 10:37:47,080 [Worker-6: Launching mavenrun-3aea4825-f5d7-4ea2-bd1b-1bdc1f4d7218] INFO  o.eclipse.m2e.core.internal.Bundles - getClasspathEntries(Bundle=org.eclipse.m2e.maven.runtime_3.9.700.20240602-2313 [359])
2024-08-03 10:37:47,085 [Worker-6: Launching mavenrun-3aea4825-f5d7-4ea2-bd1b-1bdc1f4d7218] INFO  o.eclipse.m2e.core.internal.Bundles - 	Entry: D:\Download from crome\sts-4.23.1.RELEASE\plugins\org.eclipse.m2e.maven.runtime_3.9.700.20240602-2313
2024-08-03 10:37:47,085 [Worker-6: Launching mavenrun-3aea4825-f5d7-4ea2-bd1b-1bdc1f4d7218] INFO  o.eclipse.m2e.core.internal.Bundles - 	Entry: D:\Download from crome\sts-4.23.1.RELEASE\plugins\org.eclipse.m2e.maven.runtime_3.9.700.20240602-2313\jars\aopalliance-1.0.jar
2024-08-03 10:37:47,085 [Worker-6: Launching mavenrun-3aea4825-f5d7-4ea2-bd1b-1bdc1f4d7218] INFO  o.eclipse.m2e.core.internal.Bundles - 	Entry: D:\Download from crome\sts-4.23.1.RELEASE\plugins\org.eclipse.m2e.maven.runtime_3.9.700.20240602-2313\jars\guice-5.1.0.jar
2024-08-03 10:37:47,086 [Worker-6: Launching mavenrun-3aea4825-f5d7-4ea2-bd1b-1bdc1f4d7218] INFO  o.eclipse.m2e.core.internal.Bundles - 	Entry: D:\Download from crome\sts-4.23.1.RELEASE\plugins\org.eclipse.m2e.maven.runtime_3.9.700.20240602-2313\jars\httpclient-4.5.14.jar
2024-08-03 10:37:47,086 [Worker-6: Launching mavenrun-3aea4825-f5d7-4ea2-bd1b-1bdc1f4d7218] INFO  o.eclipse.m2e.core.internal.Bundles - 	Entry: D:\Download from crome\sts-4.23.1.RELEASE\plugins\org.eclipse.m2e.maven.runtime_3.9.700.20240602-2313\jars\httpcore-4.4.16.jar
2024-08-03 10:37:47,086 [Worker-6: Launching mavenrun-3aea4825-f5d7-4ea2-bd1b-1bdc1f4d7218] INFO  o.eclipse.m2e.core.internal.Bundles - 	Entry: D:\Download from crome\sts-4.23.1.RELEASE\plugins\org.eclipse.m2e.maven.runtime_3.9.700.20240602-2313\jars\jansi-2.4.1.jar
2024-08-03 10:37:47,086 [Worker-6: Launching mavenrun-3aea4825-f5d7-4ea2-bd1b-1bdc1f4d7218] INFO  o.eclipse.m2e.core.internal.Bundles - 	Entry: D:\Download from crome\sts-4.23.1.RELEASE\plugins\org.eclipse.m2e.maven.runtime_3.9.700.20240602-2313\jars\jcl-over-slf4j-1.7.36.jar
2024-08-03 10:37:47,087 [Worker-6: Launching mavenrun-3aea4825-f5d7-4ea2-bd1b-1bdc1f4d7218] INFO  o.eclipse.m2e.core.internal.Bundles - 	Entry: D:\Download from crome\sts-4.23.1.RELEASE\plugins\org.eclipse.m2e.maven.runtime_3.9.700.20240602-2313\jars\maven-artifact-3.9.7.jar
2024-08-03 10:37:47,087 [Worker-6: Launching mavenrun-3aea4825-f5d7-4ea2-bd1b-1bdc1f4d7218] INFO  o.eclipse.m2e.core.internal.Bundles - 	Entry: D:\Download from crome\sts-4.23.1.RELEASE\plugins\org.eclipse.m2e.maven.runtime_3.9.700.20240602-2313\jars\maven-builder-support-3.9.7.jar
2024-08-03 10:37:47,087 [Worker-6: Launching mavenrun-3aea4825-f5d7-4ea2-bd1b-1bdc1f4d7218] INFO  o.eclipse.m2e.core.internal.Bundles - 	Entry: D:\Download from crome\sts-4.23.1.RELEASE\plugins\org.eclipse.m2e.maven.runtime_3.9.700.20240602-2313\jars\maven-compat-3.9.7.jar
2024-08-03 10:37:47,087 [Worker-6: Launching mavenrun-3aea4825-f5d7-4ea2-bd1b-1bdc1f4d7218] INFO  o.eclipse.m2e.core.internal.Bundles - 	Entry: D:\Download from crome\sts-4.23.1.RELEASE\plugins\org.eclipse.m2e.maven.runtime_3.9.700.20240602-2313\jars\maven-core-3.9.7.jar
2024-08-03 10:37:47,087 [Worker-6: Launching mavenrun-3aea4825-f5d7-4ea2-bd1b-1bdc1f4d7218] INFO  o.eclipse.m2e.core.internal.Bundles - 	Entry: D:\Download from crome\sts-4.23.1.RELEASE\plugins\org.eclipse.m2e.maven.runtime_3.9.700.20240602-2313\jars\maven-embedder-3.9.7.jar
2024-08-03 10:37:47,088 [Worker-6: Launching mavenrun-3aea4825-f5d7-4ea2-bd1b-1bdc1f4d7218] INFO  o.eclipse.m2e.core.internal.Bundles - 	Entry: D:\Download from crome\sts-4.23.1.RELEASE\plugins\org.eclipse.m2e.maven.runtime_3.9.700.20240602-2313\jars\maven-model-3.9.7.jar
2024-08-03 10:37:47,088 [Worker-6: Launching mavenrun-3aea4825-f5d7-4ea2-bd1b-1bdc1f4d7218] INFO  o.eclipse.m2e.core.internal.Bundles - 	Entry: D:\Download from crome\sts-4.23.1.RELEASE\plugins\org.eclipse.m2e.maven.runtime_3.9.700.20240602-2313\jars\maven-model-builder-3.9.7.jar
2024-08-03 10:37:47,088 [Worker-6: Launching mavenrun-3aea4825-f5d7-4ea2-bd1b-1bdc1f4d7218] INFO  o.eclipse.m2e.core.internal.Bundles - 	Entry: D:\Download from crome\sts-4.23.1.RELEASE\plugins\org.eclipse.m2e.maven.runtime_3.9.700.20240602-2313\jars\maven-plugin-api-3.9.7.jar
2024-08-03 10:37:47,088 [Worker-6: Launching mavenrun-3aea4825-f5d7-4ea2-bd1b-1bdc1f4d7218] INFO  o.eclipse.m2e.core.internal.Bundles - 	Entry: D:\Download from crome\sts-4.23.1.RELEASE\plugins\org.eclipse.m2e.maven.runtime_3.9.700.20240602-2313\jars\maven-repository-metadata-3.9.7.jar
2024-08-03 10:37:47,088 [Worker-6: Launching mavenrun-3aea4825-f5d7-4ea2-bd1b-1bdc1f4d7218] INFO  o.eclipse.m2e.core.internal.Bundles - 	Entry: D:\Download from crome\sts-4.23.1.RELEASE\plugins\org.eclipse.m2e.maven.runtime_3.9.700.20240602-2313\jars\maven-resolver-api-1.9.20.jar
2024-08-03 10:37:47,088 [Worker-6: Launching mavenrun-3aea4825-f5d7-4ea2-bd1b-1bdc1f4d7218] INFO  o.eclipse.m2e.core.internal.Bundles - 	Entry: D:\Download from crome\sts-4.23.1.RELEASE\plugins\org.eclipse.m2e.maven.runtime_3.9.700.20240602-2313\jars\maven-resolver-connector-basic-1.9.20.jar
2024-08-03 10:37:47,088 [Worker-6: Launching mavenrun-3aea4825-f5d7-4ea2-bd1b-1bdc1f4d7218] INFO  o.eclipse.m2e.core.internal.Bundles - 	Entry: D:\Download from crome\sts-4.23.1.RELEASE\plugins\org.eclipse.m2e.maven.runtime_3.9.700.20240602-2313\jars\maven-resolver-impl-1.9.20.jar
2024-08-03 10:37:47,089 [Worker-6: Launching mavenrun-3aea4825-f5d7-4ea2-bd1b-1bdc1f4d7218] INFO  o.eclipse.m2e.core.internal.Bundles - 	Entry: D:\Download from crome\sts-4.23.1.RELEASE\plugins\org.eclipse.m2e.maven.runtime_3.9.700.20240602-2313\jars\maven-resolver-named-locks-1.9.20.jar
2024-08-03 10:37:47,089 [Worker-6: Launching mavenrun-3aea4825-f5d7-4ea2-bd1b-1bdc1f4d7218] INFO  o.eclipse.m2e.core.internal.Bundles - 	Entry: D:\Download from crome\sts-4.23.1.RELEASE\plugins\org.eclipse.m2e.maven.runtime_3.9.700.20240602-2313\jars\maven-resolver-provider-3.9.7.jar
2024-08-03 10:37:47,089 [Worker-6: Launching mavenrun-3aea4825-f5d7-4ea2-bd1b-1bdc1f4d7218] INFO  o.eclipse.m2e.core.internal.Bundles - 	Entry: D:\Download from crome\sts-4.23.1.RELEASE\plugins\org.eclipse.m2e.maven.runtime_3.9.700.20240602-2313\jars\maven-resolver-spi-1.9.20.jar
2024-08-03 10:37:47,089 [Worker-6: Launching mavenrun-3aea4825-f5d7-4ea2-bd1b-1bdc1f4d7218] INFO  o.eclipse.m2e.core.internal.Bundles - 	Entry: D:\Download from crome\sts-4.23.1.RELEASE\plugins\org.eclipse.m2e.maven.runtime_3.9.700.20240602-2313\jars\maven-resolver-transport-file-1.9.20.jar
2024-08-03 10:37:47,089 [Worker-6: Launching mavenrun-3aea4825-f5d7-4ea2-bd1b-1bdc1f4d7218] INFO  o.eclipse.m2e.core.internal.Bundles - 	Entry: D:\Download from crome\sts-4.23.1.RELEASE\plugins\org.eclipse.m2e.maven.runtime_3.9.700.20240602-2313\jars\maven-resolver-transport-http-1.9.20.jar
2024-08-03 10:37:47,090 [Worker-6: Launching mavenrun-3aea4825-f5d7-4ea2-bd1b-1bdc1f4d7218] INFO  o.eclipse.m2e.core.internal.Bundles - 	Entry: D:\Download from crome\sts-4.23.1.RELEASE\plugins\org.eclipse.m2e.maven.runtime_3.9.700.20240602-2313\jars\maven-resolver-transport-wagon-1.9.20.jar
2024-08-03 10:37:47,090 [Worker-6: Launching mavenrun-3aea4825-f5d7-4ea2-bd1b-1bdc1f4d7218] INFO  o.eclipse.m2e.core.internal.Bundles - 	Entry: D:\Download from crome\sts-4.23.1.RELEASE\plugins\org.eclipse.m2e.maven.runtime_3.9.700.20240602-2313\jars\maven-resolver-util-1.9.20.jar
2024-08-03 10:37:47,090 [Worker-6: Launching mavenrun-3aea4825-f5d7-4ea2-bd1b-1bdc1f4d7218] INFO  o.eclipse.m2e.core.internal.Bundles - 	Entry: D:\Download from crome\sts-4.23.1.RELEASE\plugins\org.eclipse.m2e.maven.runtime_3.9.700.20240602-2313\jars\maven-settings-3.9.7.jar
2024-08-03 10:37:47,090 [Worker-6: Launching mavenrun-3aea4825-f5d7-4ea2-bd1b-1bdc1f4d7218] INFO  o.eclipse.m2e.core.internal.Bundles - 	Entry: D:\Download from crome\sts-4.23.1.RELEASE\plugins\org.eclipse.m2e.maven.runtime_3.9.700.20240602-2313\jars\maven-settings-builder-3.9.7.jar
2024-08-03 10:37:47,090 [Worker-6: Launching mavenrun-3aea4825-f5d7-4ea2-bd1b-1bdc1f4d7218] INFO  o.eclipse.m2e.core.internal.Bundles - 	Entry: D:\Download from crome\sts-4.23.1.RELEASE\plugins\org.eclipse.m2e.maven.runtime_3.9.700.20240602-2313\jars\maven-shared-utils-3.4.2.jar
2024-08-03 10:37:47,090 [Worker-6: Launching mavenrun-3aea4825-f5d7-4ea2-bd1b-1bdc1f4d7218] INFO  o.eclipse.m2e.core.internal.Bundles - 	Entry: D:\Download from crome\sts-4.23.1.RELEASE\plugins\org.eclipse.m2e.maven.runtime_3.9.700.20240602-2313\jars\org.eclipse.sisu.inject-0.9.0.M2.jar
2024-08-03 10:37:47,090 [Worker-6: Launching mavenrun-3aea4825-f5d7-4ea2-bd1b-1bdc1f4d7218] INFO  o.eclipse.m2e.core.internal.Bundles - 	Entry: D:\Download from crome\sts-4.23.1.RELEASE\plugins\org.eclipse.m2e.maven.runtime_3.9.700.20240602-2313\jars\org.eclipse.sisu.plexus-0.9.0.M2.jar
2024-08-03 10:37:47,090 [Worker-6: Launching mavenrun-3aea4825-f5d7-4ea2-bd1b-1bdc1f4d7218] INFO  o.eclipse.m2e.core.internal.Bundles - 	Entry: D:\Download from crome\sts-4.23.1.RELEASE\plugins\org.eclipse.m2e.maven.runtime_3.9.700.20240602-2313\jars\plexus-build-api-0.0.7.jar
2024-08-03 10:37:47,091 [Worker-6: Launching mavenrun-3aea4825-f5d7-4ea2-bd1b-1bdc1f4d7218] INFO  o.eclipse.m2e.core.internal.Bundles - 	Entry: D:\Download from crome\sts-4.23.1.RELEASE\plugins\org.eclipse.m2e.maven.runtime_3.9.700.20240602-2313\jars\plexus-build-api-1.2.0.jar
2024-08-03 10:37:47,091 [Worker-6: Launching mavenrun-3aea4825-f5d7-4ea2-bd1b-1bdc1f4d7218] INFO  o.eclipse.m2e.core.internal.Bundles - 	Entry: D:\Download from crome\sts-4.23.1.RELEASE\plugins\org.eclipse.m2e.maven.runtime_3.9.700.20240602-2313\jars\plexus-cipher-2.0.jar
2024-08-03 10:37:47,091 [Worker-6: Launching mavenrun-3aea4825-f5d7-4ea2-bd1b-1bdc1f4d7218] INFO  o.eclipse.m2e.core.internal.Bundles - 	Entry: D:\Download from crome\sts-4.23.1.RELEASE\plugins\org.eclipse.m2e.maven.runtime_3.9.700.20240602-2313\jars\plexus-classworlds-2.8.0.jar
2024-08-03 10:37:47,091 [Worker-6: Launching mavenrun-3aea4825-f5d7-4ea2-bd1b-1bdc1f4d7218] INFO  o.eclipse.m2e.core.internal.Bundles - 	Entry: D:\Download from crome\sts-4.23.1.RELEASE\plugins\org.eclipse.m2e.maven.runtime_3.9.700.20240602-2313\jars\plexus-component-annotations-2.1.0.jar
2024-08-03 10:37:47,091 [Worker-6: Launching mavenrun-3aea4825-f5d7-4ea2-bd1b-1bdc1f4d7218] INFO  o.eclipse.m2e.core.internal.Bundles - 	Entry: D:\Download from crome\sts-4.23.1.RELEASE\plugins\org.eclipse.m2e.maven.runtime_3.9.700.20240602-2313\jars\plexus-interpolation-1.27.jar
2024-08-03 10:37:47,091 [Worker-6: Launching mavenrun-3aea4825-f5d7-4ea2-bd1b-1bdc1f4d7218] INFO  o.eclipse.m2e.core.internal.Bundles - 	Entry: D:\Download from crome\sts-4.23.1.RELEASE\plugins\org.eclipse.m2e.maven.runtime_3.9.700.20240602-2313\jars\plexus-sec-dispatcher-2.0.jar
2024-08-03 10:37:47,091 [Worker-6: Launching mavenrun-3aea4825-f5d7-4ea2-bd1b-1bdc1f4d7218] INFO  o.eclipse.m2e.core.internal.Bundles - 	Entry: D:\Download from crome\sts-4.23.1.RELEASE\plugins\org.eclipse.m2e.maven.runtime_3.9.700.20240602-2313\jars\plexus-utils-3.5.1.jar
2024-08-03 10:37:47,091 [Worker-6: Launching mavenrun-3aea4825-f5d7-4ea2-bd1b-1bdc1f4d7218] INFO  o.eclipse.m2e.core.internal.Bundles - 	Entry: D:\Download from crome\sts-4.23.1.RELEASE\plugins\org.eclipse.m2e.maven.runtime_3.9.700.20240602-2313\jars\wagon-file-3.5.3.jar
2024-08-03 10:37:47,092 [Worker-6: Launching mavenrun-3aea4825-f5d7-4ea2-bd1b-1bdc1f4d7218] INFO  o.eclipse.m2e.core.internal.Bundles - 	Entry: D:\Download from crome\sts-4.23.1.RELEASE\plugins\org.eclipse.m2e.maven.runtime_3.9.700.20240602-2313\jars\wagon-http-3.5.3.jar
2024-08-03 10:37:47,092 [Worker-6: Launching mavenrun-3aea4825-f5d7-4ea2-bd1b-1bdc1f4d7218] INFO  o.eclipse.m2e.core.internal.Bundles - 	Entry: D:\Download from crome\sts-4.23.1.RELEASE\plugins\org.eclipse.m2e.maven.runtime_3.9.700.20240602-2313\jars\wagon-http-shared-3.5.3.jar
2024-08-03 10:37:47,092 [Worker-6: Launching mavenrun-3aea4825-f5d7-4ea2-bd1b-1bdc1f4d7218] INFO  o.eclipse.m2e.core.internal.Bundles - 	Entry: D:\Download from crome\sts-4.23.1.RELEASE\plugins\org.eclipse.m2e.maven.runtime_3.9.700.20240602-2313\jars\wagon-provider-api-3.5.3.jar
2024-08-03 10:37:47,094 [Worker-6: Launching mavenrun-3aea4825-f5d7-4ea2-bd1b-1bdc1f4d7218] INFO  o.eclipse.m2e.core.internal.Bundles - getClasspathEntries(Bundle=com.google.guava_33.2.0.jre [29])
2024-08-03 10:37:47,095 [Worker-6: Launching mavenrun-3aea4825-f5d7-4ea2-bd1b-1bdc1f4d7218] INFO  o.eclipse.m2e.core.internal.Bundles - 	Entry: D:\Download from crome\sts-4.23.1.RELEASE\plugins\com.google.guava_33.2.0.jre.jar
2024-08-03 10:37:47,096 [Worker-6: Launching mavenrun-3aea4825-f5d7-4ea2-bd1b-1bdc1f4d7218] INFO  o.eclipse.m2e.core.internal.Bundles - getClasspathEntries(Bundle=slf4j.api_2.0.13 [592])
2024-08-03 10:37:47,096 [Worker-6: Launching mavenrun-3aea4825-f5d7-4ea2-bd1b-1bdc1f4d7218] INFO  o.eclipse.m2e.core.internal.Bundles - 	Entry: D:\Download from crome\sts-4.23.1.RELEASE\plugins\slf4j.api_2.0.13.jar
2024-08-03 10:37:47,096 [Worker-6: Launching mavenrun-3aea4825-f5d7-4ea2-bd1b-1bdc1f4d7218] INFO  o.eclipse.m2e.core.internal.Bundles - getClasspathEntries(Bundle=jakarta.inject.jakarta.inject-api_1.0.5 [44])
2024-08-03 10:37:47,097 [Worker-6: Launching mavenrun-3aea4825-f5d7-4ea2-bd1b-1bdc1f4d7218] INFO  o.eclipse.m2e.core.internal.Bundles - 	Entry: D:\Download from crome\sts-4.23.1.RELEASE\plugins\jakarta.inject.jakarta.inject-api_1.0.5.jar
2024-08-03 10:37:47,097 [Worker-6: Launching mavenrun-3aea4825-f5d7-4ea2-bd1b-1bdc1f4d7218] INFO  o.eclipse.m2e.core.internal.Bundles - getClasspathEntries(Bundle=javax.annotation_1.3.5.v20200909-1856 [53])
2024-08-03 10:37:47,097 [Worker-6: Launching mavenrun-3aea4825-f5d7-4ea2-bd1b-1bdc1f4d7218] INFO  o.eclipse.m2e.core.internal.Bundles - 	Entry: D:\Download from crome\sts-4.23.1.RELEASE\plugins\javax.annotation_1.3.5.v20200909-1856.jar
2024-08-03 10:37:47,097 [Worker-6: Launching mavenrun-3aea4825-f5d7-4ea2-bd1b-1bdc1f4d7218] INFO  o.eclipse.m2e.core.internal.Bundles - getClasspathEntries(Bundle=org.apache.commons.cli_1.8.0 [76])
2024-08-03 10:37:47,098 [Worker-6: Launching mavenrun-3aea4825-f5d7-4ea2-bd1b-1bdc1f4d7218] INFO  o.eclipse.m2e.core.internal.Bundles - 	Entry: D:\Download from crome\sts-4.23.1.RELEASE\plugins\org.apache.commons.cli_1.8.0.jar
2024-08-03 10:37:47,098 [Worker-6: Launching mavenrun-3aea4825-f5d7-4ea2-bd1b-1bdc1f4d7218] INFO  o.eclipse.m2e.core.internal.Bundles - getClasspathEntries(Bundle=org.apache.commons.commons-codec_1.16.0 [78])
2024-08-03 10:37:47,098 [Worker-6: Launching mavenrun-3aea4825-f5d7-4ea2-bd1b-1bdc1f4d7218] INFO  o.eclipse.m2e.core.internal.Bundles - 	Entry: D:\Download from crome\sts-4.23.1.RELEASE\plugins\org.apache.commons.commons-codec_1.16.0.jar
2024-08-03 10:37:47,098 [Worker-6: Launching mavenrun-3aea4825-f5d7-4ea2-bd1b-1bdc1f4d7218] INFO  o.eclipse.m2e.core.internal.Bundles - getClasspathEntries(Bundle=org.apache.commons.lang3_3.14.0 [82])
2024-08-03 10:37:47,099 [Worker-6: Launching mavenrun-3aea4825-f5d7-4ea2-bd1b-1bdc1f4d7218] INFO  o.eclipse.m2e.core.internal.Bundles - 	Entry: D:\Download from crome\sts-4.23.1.RELEASE\plugins\org.apache.commons.lang3_3.14.0.jar
2024-08-03 10:37:47,099 [Worker-6: Launching mavenrun-3aea4825-f5d7-4ea2-bd1b-1bdc1f4d7218] INFO  o.eclipse.m2e.core.internal.Bundles - getClasspathEntries(Bundle=com.google.guava.failureaccess_1.0.2 [30])
2024-08-03 10:37:47,099 [Worker-6: Launching mavenrun-3aea4825-f5d7-4ea2-bd1b-1bdc1f4d7218] INFO  o.eclipse.m2e.core.internal.Bundles - 	Entry: D:\Download from crome\sts-4.23.1.RELEASE\plugins\com.google.guava.failureaccess_1.0.2.jar
2024-08-03 10:37:47,103 [Worker-6: Launching mavenrun-3aea4825-f5d7-4ea2-bd1b-1bdc1f4d7218] INFO  o.e.m.i.launch.MavenLaunchDelegate - Run build in "C:\Users\Amit\AppData\Local\Temp\m2e-archetypeGenerator6078293819210649634":
2024-08-03 10:37:47,109 [Worker-6: Launching mavenrun-3aea4825-f5d7-4ea2-bd1b-1bdc1f4d7218] INFO  o.e.m.i.launch.MavenLaunchDelegate -  mvn  -DarchetypeGroupId=org.apache.maven.archetypes -DarchetypeArtifactId=maven-archetype-quickstart -DarchetypeVersion=1.1 -DgroupId=com.bikkadit -DartifactId=CriteriaAPI -Dversion=0.0.1-SNAPSHOT -Dpackage=com.bikkadit.CriteriaAPI -DoutputDirectory=C:\Users\Amit\Desktop\JAVA_Work\hibernate_project_1 -Dstyle.color=always -U archetype:generate
2024-08-03 10:38:05,347 [Worker-8: Creating maven-archetype-quickstart] INFO  o.e.m.c.i.p.ProjectConfigurationManager - Collecting project info '/pom.xml' C:\Users\Amit\Desktop\JAVA_Work\hibernate_project_1\CriteriaAPI\pom.xml
2024-08-03 10:38:06,087 [Worker-8: Creating maven-archetype-quickstart] INFO  o.e.m.c.i.l.LifecycleMappingFactory - Using org.eclipse.m2e.jdt.JarLifecycleMapping lifecycle mapping for MavenProject: com.bikkadit:CriteriaAPI:0.0.1-SNAPSHOT @ C:\Users\Amit\Desktop\JAVA_Work\hibernate_project_1\CriteriaAPI\pom.xml.
2024-08-03 10:38:06,961 [Worker-8: Creating maven-archetype-quickstart] INFO  o.e.m.j.i.AbstractJavaProjectConfigurator - Adding source folder /CriteriaAPI/src/main/java
2024-08-03 10:38:06,964 [Worker-8: Creating maven-archetype-quickstart] INFO  o.e.m.j.i.AbstractJavaProjectConfigurator - Adding resource folder /CriteriaAPI/src/main/resources
2024-08-03 10:38:06,973 [Worker-8: Creating maven-archetype-quickstart] INFO  o.e.m.j.i.AbstractJavaProjectConfigurator - Adding source folder /CriteriaAPI/src/test/java
2024-08-03 10:38:06,975 [Worker-8: Creating maven-archetype-quickstart] INFO  o.e.m.j.i.AbstractJavaProjectConfigurator - Adding resource folder /CriteriaAPI/src/test/resources
2024-08-03 10:38:07,118 [Worker-8: Creating maven-archetype-quickstart] INFO  o.e.m.c.i.p.ProjectConfigurationManager - Imported and configured 1 project(s) in 1 sec
2024-08-03 10:38:07,509 [Worker-6: Building] INFO  o.a.m.s.f.DefaultMavenResourcesFiltering - skip non existing resourceDirectory C:\Users\Amit\Desktop\JAVA_Work\hibernate_project_1\CriteriaAPI\src\main\resources
2024-08-03 10:38:07,513 [Worker-6: Building] INFO  o.a.m.s.f.DefaultMavenResourcesFiltering - skip non existing resourceDirectory C:\Users\Amit\Desktop\JAVA_Work\hibernate_project_1\CriteriaAPI\src\test\resources
2024-08-03 10:38:36,233 [Worker-11: Building] INFO  o.a.m.s.f.DefaultMavenResourcesFiltering - skip non existing resourceDirectory C:\Users\Amit\Desktop\JAVA_Work\hibernate_project_1\CriteriaAPI\src\main\resources
2024-08-03 10:38:36,236 [Worker-11: Building] INFO  o.a.m.s.f.DefaultMavenResourcesFiltering - skip non existing resourceDirectory C:\Users\Amit\Desktop\JAVA_Work\hibernate_project_1\CriteriaAPI\src\test\resources
2024-08-03 10:38:36,487 [Worker-11: Building] INFO  o.a.m.s.f.DefaultMavenResourcesFiltering - skip non existing resourceDirectory C:\Users\Amit\Desktop\JAVA_Work\hibernate_project_1\HibernatePract\src\main\resources
2024-08-03 10:38:36,491 [Worker-11: Building] INFO  o.a.m.s.f.DefaultMavenResourcesFiltering - skip non existing resourceDirectory C:\Users\Amit\Desktop\JAVA_Work\hibernate_project_1\HibernatePract\src\test\resources
2024-08-03 10:38:44,881 [Worker-10: Building] INFO  o.a.m.s.f.DefaultMavenResourcesFiltering - skip non existing resourceDirectory C:\Users\Amit\Desktop\JAVA_Work\hibernate_project_1\HibernatePract\src\main\resources
2024-08-03 10:38:44,884 [Worker-10: Building] INFO  o.a.m.s.f.DefaultMavenResourcesFiltering - skip non existing resourceDirectory C:\Users\Amit\Desktop\JAVA_Work\hibernate_project_1\HibernatePract\src\test\resources
2024-08-03 10:38:56,122 [Worker-11: Building] INFO  o.a.m.s.f.DefaultMavenResourcesFiltering - skip non existing resourceDirectory C:\Users\Amit\Desktop\JAVA_Work\hibernate_project_1\HibernatePract\src\main\resources
2024-08-03 10:38:56,125 [Worker-11: Building] INFO  o.a.m.s.f.DefaultMavenResourcesFiltering - skip non existing resourceDirectory C:\Users\Amit\Desktop\JAVA_Work\hibernate_project_1\HibernatePract\src\test\resources
2024-08-03 10:39:13,008 [Worker-10: Building] INFO  o.a.m.s.f.DefaultMavenResourcesFiltering - skip non existing resourceDirectory C:\Users\Amit\Desktop\JAVA_Work\hibernate_project_1\HibernatePract\src\main\resources
2024-08-03 10:39:13,011 [Worker-10: Building] INFO  o.a.m.s.f.DefaultMavenResourcesFiltering - skip non existing resourceDirectory C:\Users\Amit\Desktop\JAVA_Work\hibernate_project_1\HibernatePract\src\test\resources
2024-08-03 10:40:21,667 [Worker-1: Building] INFO  o.a.m.s.f.DefaultMavenResourcesFiltering - skip non existing resourceDirectory C:\Users\Amit\Desktop\JAVA_Work\hibernate_project_1\CriteriaAPI\src\main\resources
2024-08-03 10:40:21,672 [Worker-1: Building] INFO  o.a.m.s.f.DefaultMavenResourcesFiltering - skip non existing resourceDirectory C:\Users\Amit\Desktop\JAVA_Work\hibernate_project_1\CriteriaAPI\src\test\resources
2024-08-03 10:42:08,471 [Worker-6: Building] ERROR o.e.m.c.i.p.r.ProjectRegistryManager - Could not read pom.xml
org.eclipse.core.runtime.CoreException: Could not read pom.xml
	at org.eclipse.m2e.core.internal.IMavenToolbox.readModel(IMavenToolbox.java:245)
	at org.eclipse.m2e.core.internal.project.registry.ProjectRegistryManager.refreshPhase2(ProjectRegistryManager.java:591)
	at org.eclipse.m2e.core.internal.project.registry.ProjectRegistryManager.refresh(ProjectRegistryManager.java:491)
	at org.eclipse.m2e.core.internal.project.registry.ProjectRegistryManager.refresh(ProjectRegistryManager.java:370)
	at org.eclipse.m2e.core.internal.project.registry.ProjectRegistryManager.refresh(ProjectRegistryManager.java:322)
	at org.eclipse.m2e.core.internal.builder.MavenBuilder$BuildMethod.getProjectFacade(MavenBuilder.java:146)
	at org.eclipse.m2e.core.internal.builder.MavenBuilder$BuildMethod.lambda$0(MavenBuilder.java:84)
	at org.eclipse.m2e.core.internal.embedder.MavenExecutionContext.executeBare(MavenExecutionContext.java:458)
	at org.eclipse.m2e.core.internal.embedder.MavenExecutionContext.execute(MavenExecutionContext.java:339)
	at org.eclipse.m2e.core.internal.embedder.MavenExecutionContext.execute(MavenExecutionContext.java:278)
	at org.eclipse.m2e.core.internal.builder.MavenBuilder$BuildMethod.execute(MavenBuilder.java:83)
	at org.eclipse.m2e.core.internal.builder.MavenBuilder.build(MavenBuilder.java:192)
	at org.eclipse.core.internal.events.BuildManager$2.run(BuildManager.java:1077)
	at org.eclipse.core.runtime.SafeRunner.run(SafeRunner.java:47)
	at org.eclipse.core.internal.events.BuildManager.basicBuild(BuildManager.java:296)
	at org.eclipse.core.internal.events.BuildManager.basicBuild(BuildManager.java:352)
	at org.eclipse.core.internal.events.BuildManager$1.run(BuildManager.java:441)
	at org.eclipse.core.runtime.SafeRunner.run(SafeRunner.java:47)
	at org.eclipse.core.internal.events.BuildManager.basicBuild(BuildManager.java:444)
	at org.eclipse.core.internal.events.BuildManager.basicBuildLoop(BuildManager.java:555)
	at org.eclipse.core.internal.events.BuildManager.basicBuildLoop(BuildManager.java:503)
	at org.eclipse.core.internal.events.BuildManager.build(BuildManager.java:585)
	at org.eclipse.core.internal.events.AutoBuildJob.doBuild(AutoBuildJob.java:207)
	at org.eclipse.core.internal.events.AutoBuildJob.run(AutoBuildJob.java:300)
	at org.eclipse.core.internal.jobs.Worker.run(Worker.java:63)
Caused by: org.apache.maven.model.io.ModelParseException: Unrecognised tag: 'dependencies' (position: START_TAG seen ...<dependencies>\r\n  <dependencies>... @18:17) 
	at org.apache.maven.model.io.DefaultModelReader.read(DefaultModelReader.java:96)
	at org.apache.maven.model.io.DefaultModelReader.read(DefaultModelReader.java:74)
	at org.eclipse.m2e.core.internal.IMavenToolbox.readModel(IMavenToolbox.java:243)
	... 24 common frames omitted
Caused by: org.codehaus.plexus.util.xml.pull.XmlPullParserException: Unrecognised tag: 'dependencies' (position: START_TAG seen ...<dependencies>\r\n  <dependencies>... @18:17) 
	at org.apache.maven.model.io.xpp3.MavenXpp3Reader.checkUnknownElement(MavenXpp3Reader.java:181)
	at org.apache.maven.model.io.xpp3.MavenXpp3Reader.parseModel(MavenXpp3Reader.java:2325)
	at org.apache.maven.model.io.xpp3.MavenXpp3Reader.read(MavenXpp3Reader.java:623)
	at org.apache.maven.model.io.xpp3.MavenXpp3Reader.read(MavenXpp3Reader.java:654)
	at org.apache.maven.model.io.DefaultModelReader.read(DefaultModelReader.java:93)
	... 26 common frames omitted
2024-08-03 10:42:09,668 [Worker-0: Building] ERROR o.e.m.c.i.p.r.ProjectRegistryManager - Could not read pom.xml
org.eclipse.core.runtime.CoreException: Could not read pom.xml
	at org.eclipse.m2e.core.internal.IMavenToolbox.readModel(IMavenToolbox.java:245)
	at org.eclipse.m2e.core.internal.project.registry.ProjectRegistryManager.refreshPhase2(ProjectRegistryManager.java:591)
	at org.eclipse.m2e.core.internal.project.registry.ProjectRegistryManager.refresh(ProjectRegistryManager.java:491)
	at org.eclipse.m2e.core.internal.project.registry.ProjectRegistryManager.refresh(ProjectRegistryManager.java:370)
	at org.eclipse.m2e.core.internal.project.registry.ProjectRegistryManager.refresh(ProjectRegistryManager.java:322)
	at org.eclipse.m2e.core.internal.builder.MavenBuilder$BuildMethod.getProjectFacade(MavenBuilder.java:146)
	at org.eclipse.m2e.core.internal.builder.MavenBuilder$BuildMethod.lambda$0(MavenBuilder.java:84)
	at org.eclipse.m2e.core.internal.embedder.MavenExecutionContext.executeBare(MavenExecutionContext.java:458)
	at org.eclipse.m2e.core.internal.embedder.MavenExecutionContext.execute(MavenExecutionContext.java:339)
	at org.eclipse.m2e.core.internal.embedder.MavenExecutionContext.execute(MavenExecutionContext.java:278)
	at org.eclipse.m2e.core.internal.builder.MavenBuilder$BuildMethod.execute(MavenBuilder.java:83)
	at org.eclipse.m2e.core.internal.builder.MavenBuilder.build(MavenBuilder.java:192)
	at org.eclipse.core.internal.events.BuildManager$2.run(BuildManager.java:1077)
	at org.eclipse.core.runtime.SafeRunner.run(SafeRunner.java:47)
	at org.eclipse.core.internal.events.BuildManager.basicBuild(BuildManager.java:296)
	at org.eclipse.core.internal.events.BuildManager.basicBuild(BuildManager.java:352)
	at org.eclipse.core.internal.events.BuildManager$1.run(BuildManager.java:441)
	at org.eclipse.core.runtime.SafeRunner.run(SafeRunner.java:47)
	at org.eclipse.core.internal.events.BuildManager.basicBuild(BuildManager.java:444)
	at org.eclipse.core.internal.events.BuildManager.basicBuildLoop(BuildManager.java:555)
	at org.eclipse.core.internal.events.BuildManager.basicBuildLoop(BuildManager.java:503)
	at org.eclipse.core.internal.events.BuildManager.build(BuildManager.java:585)
	at org.eclipse.core.internal.events.AutoBuildJob.doBuild(AutoBuildJob.java:207)
	at org.eclipse.core.internal.events.AutoBuildJob.run(AutoBuildJob.java:300)
	at org.eclipse.core.internal.jobs.Worker.run(Worker.java:63)
Caused by: org.apache.maven.model.io.ModelParseException: Unrecognised tag: 'dependencies' (position: START_TAG seen ...<dependencies>\r\n  <dependencies>... @18:17) 
	at org.apache.maven.model.io.DefaultModelReader.read(DefaultModelReader.java:96)
	at org.apache.maven.model.io.DefaultModelReader.read(DefaultModelReader.java:74)
	at org.eclipse.m2e.core.internal.IMavenToolbox.readModel(IMavenToolbox.java:243)
	... 24 common frames omitted
Caused by: org.codehaus.plexus.util.xml.pull.XmlPullParserException: Unrecognised tag: 'dependencies' (position: START_TAG seen ...<dependencies>\r\n  <dependencies>... @18:17) 
	at org.apache.maven.model.io.xpp3.MavenXpp3Reader.checkUnknownElement(MavenXpp3Reader.java:181)
	at org.apache.maven.model.io.xpp3.MavenXpp3Reader.parseModel(MavenXpp3Reader.java:2325)
	at org.apache.maven.model.io.xpp3.MavenXpp3Reader.read(MavenXpp3Reader.java:623)
	at org.apache.maven.model.io.xpp3.MavenXpp3Reader.read(MavenXpp3Reader.java:654)
	at org.apache.maven.model.io.DefaultModelReader.read(DefaultModelReader.java:93)
	... 26 common frames omitted
2024-08-03 10:42:18,183 [Worker-1: Building] INFO  o.e.m.c.i.l.LifecycleMappingFactory - Using org.eclipse.m2e.jdt.JarLifecycleMapping lifecycle mapping for MavenProject: com.bikkadit:CriteriaAPI:0.0.1-SNAPSHOT @ C:\Users\Amit\Desktop\JAVA_Work\hibernate_project_1\CriteriaAPI\pom.xml.
2024-08-03 10:42:18,412 [Worker-1: Building] INFO  o.a.m.s.f.DefaultMavenResourcesFiltering - skip non existing resourceDirectory C:\Users\Amit\Desktop\JAVA_Work\hibernate_project_1\CriteriaAPI\src\main\resources
2024-08-03 10:42:18,415 [Worker-1: Building] INFO  o.a.m.s.f.DefaultMavenResourcesFiltering - skip non existing resourceDirectory C:\Users\Amit\Desktop\JAVA_Work\hibernate_project_1\CriteriaAPI\src\test\resources
2024-08-03 10:42:19,597 [Worker-7: Building] INFO  o.a.m.s.f.DefaultMavenResourcesFiltering - skip non existing resourceDirectory C:\Users\Amit\Desktop\JAVA_Work\hibernate_project_1\CriteriaAPI\src\main\resources
2024-08-03 10:42:19,600 [Worker-7: Building] INFO  o.a.m.s.f.DefaultMavenResourcesFiltering - skip non existing resourceDirectory C:\Users\Amit\Desktop\JAVA_Work\hibernate_project_1\CriteriaAPI\src\test\resources
2024-08-03 10:42:37,835 [Worker-4: Building] INFO  o.a.m.s.f.DefaultMavenResourcesFiltering - skip non existing resourceDirectory C:\Users\Amit\Desktop\JAVA_Work\hibernate_project_1\CriteriaAPI\src\main\resources
2024-08-03 10:42:37,837 [Worker-4: Building] INFO  o.a.m.s.f.DefaultMavenResourcesFiltering - skip non existing resourceDirectory C:\Users\Amit\Desktop\JAVA_Work\hibernate_project_1\CriteriaAPI\src\test\resources
2024-08-03 10:43:02,868 [Worker-0: Building] INFO  o.a.m.s.f.DefaultMavenResourcesFiltering - skip non existing resourceDirectory C:\Users\Amit\Desktop\JAVA_Work\hibernate_project_1\CriteriaAPI\src\main\resources
2024-08-03 10:43:02,870 [Worker-0: Building] INFO  o.a.m.s.f.DefaultMavenResourcesFiltering - skip non existing resourceDirectory C:\Users\Amit\Desktop\JAVA_Work\hibernate_project_1\CriteriaAPI\src\test\resources
2024-08-03 10:45:00,677 [Worker-8: Building] INFO  o.a.m.s.f.DefaultMavenResourcesFiltering - skip non existing resourceDirectory C:\Users\Amit\Desktop\JAVA_Work\hibernate_project_1\CriteriaAPI\src\main\resources
2024-08-03 10:45:00,680 [Worker-8: Building] INFO  o.a.m.s.f.DefaultMavenResourcesFiltering - skip non existing resourceDirectory C:\Users\Amit\Desktop\JAVA_Work\hibernate_project_1\CriteriaAPI\src\test\resources
2024-08-03 10:45:26,874 [Worker-12: Building] INFO  o.a.m.s.f.DefaultMavenResourcesFiltering - skip non existing resourceDirectory C:\Users\Amit\Desktop\JAVA_Work\hibernate_project_1\CriteriaAPI\src\main\resources
2024-08-03 10:45:26,876 [Worker-12: Building] INFO  o.a.m.s.f.DefaultMavenResourcesFiltering - skip non existing resourceDirectory C:\Users\Amit\Desktop\JAVA_Work\hibernate_project_1\CriteriaAPI\src\test\resources
2024-08-03 11:09:23,769 [Worker-0: Building] INFO  o.a.m.s.f.DefaultMavenResourcesFiltering - skip non existing resourceDirectory C:\Users\Amit\Desktop\JAVA_Work\hibernate_project_1\CriteriaAPI\src\main\resources
2024-08-03 11:09:23,772 [Worker-0: Building] INFO  o.a.m.s.f.DefaultMavenResourcesFiltering - skip non existing resourceDirectory C:\Users\Amit\Desktop\JAVA_Work\hibernate_project_1\CriteriaAPI\src\test\resources
2024-08-03 11:09:35,897 [Worker-15: Building] INFO  o.a.m.s.f.DefaultMavenResourcesFiltering - skip non existing resourceDirectory C:\Users\Amit\Desktop\JAVA_Work\hibernate_project_1\CriteriaAPI\src\main\resources
2024-08-03 11:09:35,902 [Worker-15: Building] INFO  o.a.m.s.f.DefaultMavenResourcesFiltering - skip non existing resourceDirectory C:\Users\Amit\Desktop\JAVA_Work\hibernate_project_1\CriteriaAPI\src\test\resources
2024-08-03 11:10:59,764 [Worker-0: Launching App (3)] INFO  o.a.m.s.f.DefaultMavenResourcesFiltering - skip non existing resourceDirectory C:\Users\Amit\Desktop\JAVA_Work\hibernate_project_1\CriteriaAPI\src\main\resources
2024-08-03 11:10:59,768 [Worker-0: Launching App (3)] INFO  o.a.m.s.f.DefaultMavenResourcesFiltering - skip non existing resourceDirectory C:\Users\Amit\Desktop\JAVA_Work\hibernate_project_1\CriteriaAPI\src\test\resources
2024-08-03 12:09:05,901 [Worker-22: Building] INFO  o.a.m.s.f.DefaultMavenResourcesFiltering - skip non existing resourceDirectory C:\Users\Amit\Desktop\JAVA_Work\hibernate_project_1\CriteriaAPI\src\main\resources
2024-08-03 12:09:05,904 [Worker-22: Building] INFO  o.a.m.s.f.DefaultMavenResourcesFiltering - skip non existing resourceDirectory C:\Users\Amit\Desktop\JAVA_Work\hibernate_project_1\CriteriaAPI\src\test\resources
2024-08-03 12:13:22,688 [Worker-27: Building] INFO  o.a.m.s.f.DefaultMavenResourcesFiltering - skip non existing resourceDirectory C:\Users\Amit\Desktop\JAVA_Work\hibernate_project_1\CriteriaAPI\src\main\resources
2024-08-03 12:13:22,690 [Worker-27: Building] INFO  o.a.m.s.f.DefaultMavenResourcesFiltering - skip non existing resourceDirectory C:\Users\Amit\Desktop\JAVA_Work\hibernate_project_1\CriteriaAPI\src\test\resources
2024-08-03 12:14:41,487 [Worker-30: Building] INFO  o.a.m.s.f.DefaultMavenResourcesFiltering - skip non existing resourceDirectory C:\Users\Amit\Desktop\JAVA_Work\hibernate_project_1\CriteriaAPI\src\main\resources
2024-08-03 12:14:41,489 [Worker-30: Building] INFO  o.a.m.s.f.DefaultMavenResourcesFiltering - skip non existing resourceDirectory C:\Users\Amit\Desktop\JAVA_Work\hibernate_project_1\CriteriaAPI\src\test\resources
2024-08-03 12:20:45,431 [Worker-31: Building] INFO  o.a.m.s.f.DefaultMavenResourcesFiltering - skip non existing resourceDirectory C:\Users\Amit\Desktop\JAVA_Work\hibernate_project_1\CriteriaAPI\src\main\resources
2024-08-03 12:20:45,433 [Worker-31: Building] INFO  o.a.m.s.f.DefaultMavenResourcesFiltering - skip non existing resourceDirectory C:\Users\Amit\Desktop\JAVA_Work\hibernate_project_1\CriteriaAPI\src\test\resources
2024-08-03 12:20:52,852 [Worker-29: Building] INFO  o.a.m.s.f.DefaultMavenResourcesFiltering - skip non existing resourceDirectory C:\Users\Amit\Desktop\JAVA_Work\hibernate_project_1\CriteriaAPI\src\main\resources
2024-08-03 12:20:52,853 [Worker-29: Building] INFO  o.a.m.s.f.DefaultMavenResourcesFiltering - skip non existing resourceDirectory C:\Users\Amit\Desktop\JAVA_Work\hibernate_project_1\CriteriaAPI\src\test\resources
2024-08-03 12:23:54,327 [Worker-33: Building] INFO  o.a.m.s.f.DefaultMavenResourcesFiltering - skip non existing resourceDirectory C:\Users\Amit\Desktop\JAVA_Work\hibernate_project_1\CriteriaAPI\src\main\resources
2024-08-03 12:23:54,329 [Worker-33: Building] INFO  o.a.m.s.f.DefaultMavenResourcesFiltering - skip non existing resourceDirectory C:\Users\Amit\Desktop\JAVA_Work\hibernate_project_1\CriteriaAPI\src\test\resources
2024-08-03 12:24:54,556 [Worker-34: Building] INFO  o.a.m.s.f.DefaultMavenResourcesFiltering - skip non existing resourceDirectory C:\Users\Amit\Desktop\JAVA_Work\hibernate_project_1\CriteriaAPI\src\main\resources
2024-08-03 12:24:54,557 [Worker-34: Building] INFO  o.a.m.s.f.DefaultMavenResourcesFiltering - skip non existing resourceDirectory C:\Users\Amit\Desktop\JAVA_Work\hibernate_project_1\CriteriaAPI\src\test\resources
2024-08-03 12:26:28,794 [Worker-31: Building] INFO  o.a.m.s.f.DefaultMavenResourcesFiltering - skip non existing resourceDirectory C:\Users\Amit\Desktop\JAVA_Work\hibernate_project_1\CriteriaAPI\src\main\resources
2024-08-03 12:26:28,795 [Worker-31: Building] INFO  o.a.m.s.f.DefaultMavenResourcesFiltering - skip non existing resourceDirectory C:\Users\Amit\Desktop\JAVA_Work\hibernate_project_1\CriteriaAPI\src\test\resources
2024-08-03 12:26:43,880 [Worker-31: Building] INFO  o.a.m.s.f.DefaultMavenResourcesFiltering - skip non existing resourceDirectory C:\Users\Amit\Desktop\JAVA_Work\hibernate_project_1\CriteriaAPI\src\main\resources
2024-08-03 12:26:43,881 [Worker-31: Building] INFO  o.a.m.s.f.DefaultMavenResourcesFiltering - skip non existing resourceDirectory C:\Users\Amit\Desktop\JAVA_Work\hibernate_project_1\CriteriaAPI\src\test\resources
2024-08-03 12:27:06,812 [Worker-33: Launching App (3)] INFO  o.a.m.s.f.DefaultMavenResourcesFiltering - skip non existing resourceDirectory C:\Users\Amit\Desktop\JAVA_Work\hibernate_project_1\CriteriaAPI\src\main\resources
2024-08-03 12:27:06,816 [Worker-33: Launching App (3)] INFO  o.a.m.s.f.DefaultMavenResourcesFiltering - skip non existing resourceDirectory C:\Users\Amit\Desktop\JAVA_Work\hibernate_project_1\CriteriaAPI\src\test\resources
2024-08-03 12:27:26,153 [Worker-18: Building] INFO  o.a.m.s.f.DefaultMavenResourcesFiltering - skip non existing resourceDirectory C:\Users\Amit\Desktop\JAVA_Work\hibernate_project_1\CriteriaAPI\src\main\resources
2024-08-03 12:27:26,155 [Worker-18: Building] INFO  o.a.m.s.f.DefaultMavenResourcesFiltering - skip non existing resourceDirectory C:\Users\Amit\Desktop\JAVA_Work\hibernate_project_1\CriteriaAPI\src\test\resources
2024-08-03 12:28:16,053 [Worker-32: Building] INFO  o.a.m.s.f.DefaultMavenResourcesFiltering - skip non existing resourceDirectory C:\Users\Amit\Desktop\JAVA_Work\hibernate_project_1\CriteriaAPI\src\main\resources
2024-08-03 12:28:16,055 [Worker-32: Building] INFO  o.a.m.s.f.DefaultMavenResourcesFiltering - skip non existing resourceDirectory C:\Users\Amit\Desktop\JAVA_Work\hibernate_project_1\CriteriaAPI\src\test\resources
2024-08-03 12:28:33,374 [Worker-29: Building] INFO  o.a.m.s.f.DefaultMavenResourcesFiltering - skip non existing resourceDirectory C:\Users\Amit\Desktop\JAVA_Work\hibernate_project_1\CriteriaAPI\src\main\resources
2024-08-03 12:28:33,376 [Worker-29: Building] INFO  o.a.m.s.f.DefaultMavenResourcesFiltering - skip non existing resourceDirectory C:\Users\Amit\Desktop\JAVA_Work\hibernate_project_1\CriteriaAPI\src\test\resources
2024-08-03 12:31:13,215 [Worker-34: Building] INFO  o.a.m.s.f.DefaultMavenResourcesFiltering - skip non existing resourceDirectory C:\Users\Amit\Desktop\JAVA_Work\hibernate_project_1\CriteriaAPI\src\main\resources
2024-08-03 12:31:13,216 [Worker-34: Building] INFO  o.a.m.s.f.DefaultMavenResourcesFiltering - skip non existing resourceDirectory C:\Users\Amit\Desktop\JAVA_Work\hibernate_project_1\CriteriaAPI\src\test\resources
2024-08-03 12:34:54,712 [Worker-29: Building] INFO  o.a.m.s.f.DefaultMavenResourcesFiltering - skip non existing resourceDirectory C:\Users\Amit\Desktop\JAVA_Work\hibernate_project_1\CriteriaAPI\src\main\resources
2024-08-03 12:34:54,713 [Worker-29: Building] INFO  o.a.m.s.f.DefaultMavenResourcesFiltering - skip non existing resourceDirectory C:\Users\Amit\Desktop\JAVA_Work\hibernate_project_1\CriteriaAPI\src\test\resources
2024-08-03 12:35:28,572 [Worker-37: Launching App (3)] INFO  o.a.m.s.f.DefaultMavenResourcesFiltering - skip non existing resourceDirectory C:\Users\Amit\Desktop\JAVA_Work\hibernate_project_1\CriteriaAPI\src\main\resources
2024-08-03 12:35:28,576 [Worker-37: Launching App (3)] INFO  o.a.m.s.f.DefaultMavenResourcesFiltering - skip non existing resourceDirectory C:\Users\Amit\Desktop\JAVA_Work\hibernate_project_1\CriteriaAPI\src\test\resources
2024-08-03 12:35:40,594 [Worker-35: Launching App (3)] INFO  o.a.m.s.f.DefaultMavenResourcesFiltering - skip non existing resourceDirectory C:\Users\Amit\Desktop\JAVA_Work\hibernate_project_1\CriteriaAPI\src\main\resources
2024-08-03 12:35:40,596 [Worker-35: Launching App (3)] INFO  o.a.m.s.f.DefaultMavenResourcesFiltering - skip non existing resourceDirectory C:\Users\Amit\Desktop\JAVA_Work\hibernate_project_1\CriteriaAPI\src\test\resources
2024-08-03 12:35:51,561 [Worker-36: Launching App (3)] INFO  o.a.m.s.f.DefaultMavenResourcesFiltering - skip non existing resourceDirectory C:\Users\Amit\Desktop\JAVA_Work\hibernate_project_1\CriteriaAPI\src\main\resources
2024-08-03 12:35:51,564 [Worker-36: Launching App (3)] INFO  o.a.m.s.f.DefaultMavenResourcesFiltering - skip non existing resourceDirectory C:\Users\Amit\Desktop\JAVA_Work\hibernate_project_1\CriteriaAPI\src\test\resources
2024-08-03 12:40:34,156 [Worker-35: Launching App (3)] INFO  o.a.m.s.f.DefaultMavenResourcesFiltering - skip non existing resourceDirectory C:\Users\Amit\Desktop\JAVA_Work\hibernate_project_1\CriteriaAPI\src\main\resources
2024-08-03 12:40:34,158 [Worker-35: Launching App (3)] INFO  o.a.m.s.f.DefaultMavenResourcesFiltering - skip non existing resourceDirectory C:\Users\Amit\Desktop\JAVA_Work\hibernate_project_1\CriteriaAPI\src\test\resources
2024-08-03 12:41:05,524 [Worker-35: Building] INFO  o.a.m.s.f.DefaultMavenResourcesFiltering - skip non existing resourceDirectory C:\Users\Amit\Desktop\JAVA_Work\hibernate_project_1\CriteriaAPI\src\main\resources
2024-08-03 12:41:05,525 [Worker-35: Building] INFO  o.a.m.s.f.DefaultMavenResourcesFiltering - skip non existing resourceDirectory C:\Users\Amit\Desktop\JAVA_Work\hibernate_project_1\CriteriaAPI\src\test\resources
2024-08-03 12:41:25,403 [Worker-36: Building] INFO  o.a.m.s.f.DefaultMavenResourcesFiltering - skip non existing resourceDirectory C:\Users\Amit\Desktop\JAVA_Work\hibernate_project_1\CriteriaAPI\src\main\resources
2024-08-03 12:41:25,404 [Worker-36: Building] INFO  o.a.m.s.f.DefaultMavenResourcesFiltering - skip non existing resourceDirectory C:\Users\Amit\Desktop\JAVA_Work\hibernate_project_1\CriteriaAPI\src\test\resources
2024-08-03 12:42:43,319 [Worker-29: Building] INFO  o.a.m.s.f.DefaultMavenResourcesFiltering - skip non existing resourceDirectory C:\Users\Amit\Desktop\JAVA_Work\hibernate_project_1\CriteriaAPI\src\main\resources
2024-08-03 12:42:43,320 [Worker-29: Building] INFO  o.a.m.s.f.DefaultMavenResourcesFiltering - skip non existing resourceDirectory C:\Users\Amit\Desktop\JAVA_Work\hibernate_project_1\CriteriaAPI\src\test\resources
2024-08-03 12:55:08,388 [Worker-41: Building] INFO  o.a.m.s.f.DefaultMavenResourcesFiltering - skip non existing resourceDirectory C:\Users\Amit\Desktop\JAVA_Work\hibernate_project_1\CriteriaAPI\src\main\resources
2024-08-03 12:55:08,390 [Worker-41: Building] INFO  o.a.m.s.f.DefaultMavenResourcesFiltering - skip non existing resourceDirectory C:\Users\Amit\Desktop\JAVA_Work\hibernate_project_1\CriteriaAPI\src\test\resources
2024-08-03 13:02:06,744 [Worker-42: Building] INFO  o.a.m.s.f.DefaultMavenResourcesFiltering - skip non existing resourceDirectory C:\Users\Amit\Desktop\JAVA_Work\hibernate_project_1\CriteriaAPI\src\main\resources
2024-08-03 13:02:06,745 [Worker-42: Building] INFO  o.a.m.s.f.DefaultMavenResourcesFiltering - skip non existing resourceDirectory C:\Users\Amit\Desktop\JAVA_Work\hibernate_project_1\CriteriaAPI\src\test\resources
2024-08-03 13:02:54,850 [Worker-42: Building] INFO  o.a.m.s.f.DefaultMavenResourcesFiltering - skip non existing resourceDirectory C:\Users\Amit\Desktop\JAVA_Work\hibernate_project_1\CriteriaAPI\src\main\resources
2024-08-03 13:02:54,851 [Worker-42: Building] INFO  o.a.m.s.f.DefaultMavenResourcesFiltering - skip non existing resourceDirectory C:\Users\Amit\Desktop\JAVA_Work\hibernate_project_1\CriteriaAPI\src\test\resources
2024-08-03 13:06:31,245 [Worker-36: Building] INFO  o.a.m.s.f.DefaultMavenResourcesFiltering - skip non existing resourceDirectory C:\Users\Amit\Desktop\JAVA_Work\hibernate_project_1\CriteriaAPI\src\main\resources
2024-08-03 13:06:31,248 [Worker-36: Building] INFO  o.a.m.s.f.DefaultMavenResourcesFiltering - skip non existing resourceDirectory C:\Users\Amit\Desktop\JAVA_Work\hibernate_project_1\CriteriaAPI\src\test\resources
2024-08-03 13:07:06,449 [Worker-42: Building] INFO  o.a.m.s.f.DefaultMavenResourcesFiltering - skip non existing resourceDirectory C:\Users\Amit\Desktop\JAVA_Work\hibernate_project_1\CriteriaAPI\src\main\resources
2024-08-03 13:07:06,450 [Worker-42: Building] INFO  o.a.m.s.f.DefaultMavenResourcesFiltering - skip non existing resourceDirectory C:\Users\Amit\Desktop\JAVA_Work\hibernate_project_1\CriteriaAPI\src\test\resources
2024-08-03 13:07:36,638 [Worker-42: Building] INFO  o.a.m.s.f.DefaultMavenResourcesFiltering - skip non existing resourceDirectory C:\Users\Amit\Desktop\JAVA_Work\hibernate_project_1\CriteriaAPI\src\main\resources
2024-08-03 13:07:36,640 [Worker-42: Building] INFO  o.a.m.s.f.DefaultMavenResourcesFiltering - skip non existing resourceDirectory C:\Users\Amit\Desktop\JAVA_Work\hibernate_project_1\CriteriaAPI\src\test\resources
2024-08-03 13:07:46,986 [Worker-36: Building] INFO  o.a.m.s.f.DefaultMavenResourcesFiltering - skip non existing resourceDirectory C:\Users\Amit\Desktop\JAVA_Work\hibernate_project_1\CriteriaAPI\src\main\resources
2024-08-03 13:07:46,988 [Worker-36: Building] INFO  o.a.m.s.f.DefaultMavenResourcesFiltering - skip non existing resourceDirectory C:\Users\Amit\Desktop\JAVA_Work\hibernate_project_1\CriteriaAPI\src\test\resources
2024-08-03 13:08:50,424 [Worker-45: Building] INFO  o.a.m.s.f.DefaultMavenResourcesFiltering - skip non existing resourceDirectory C:\Users\Amit\Desktop\JAVA_Work\hibernate_project_1\CriteriaAPI\src\main\resources
2024-08-03 13:08:50,425 [Worker-45: Building] INFO  o.a.m.s.f.DefaultMavenResourcesFiltering - skip non existing resourceDirectory C:\Users\Amit\Desktop\JAVA_Work\hibernate_project_1\CriteriaAPI\src\test\resources
2024-08-03 13:12:00,114 [Worker-45: Building] INFO  o.a.m.s.f.DefaultMavenResourcesFiltering - skip non existing resourceDirectory C:\Users\Amit\Desktop\JAVA_Work\hibernate_project_1\CriteriaAPI\src\main\resources
2024-08-03 13:12:00,115 [Worker-45: Building] INFO  o.a.m.s.f.DefaultMavenResourcesFiltering - skip non existing resourceDirectory C:\Users\Amit\Desktop\JAVA_Work\hibernate_project_1\CriteriaAPI\src\test\resources
2024-08-03 13:12:37,143 [Worker-43: Building] INFO  o.a.m.s.f.DefaultMavenResourcesFiltering - skip non existing resourceDirectory C:\Users\Amit\Desktop\JAVA_Work\hibernate_project_1\CriteriaAPI\src\main\resources
2024-08-03 13:12:37,144 [Worker-43: Building] INFO  o.a.m.s.f.DefaultMavenResourcesFiltering - skip non existing resourceDirectory C:\Users\Amit\Desktop\JAVA_Work\hibernate_project_1\CriteriaAPI\src\test\resources
2024-08-03 13:20:18,829 [Worker-36: Building] INFO  o.a.m.s.f.DefaultMavenResourcesFiltering - skip non existing resourceDirectory C:\Users\Amit\Desktop\JAVA_Work\hibernate_project_1\CriteriaAPI\src\main\resources
2024-08-03 13:20:18,830 [Worker-36: Building] INFO  o.a.m.s.f.DefaultMavenResourcesFiltering - skip non existing resourceDirectory C:\Users\Amit\Desktop\JAVA_Work\hibernate_project_1\CriteriaAPI\src\test\resources
2024-08-03 13:21:20,332 [Worker-42: Building] INFO  o.a.m.s.f.DefaultMavenResourcesFiltering - skip non existing resourceDirectory C:\Users\Amit\Desktop\JAVA_Work\hibernate_project_1\CriteriaAPI\src\main\resources
2024-08-03 13:21:20,333 [Worker-42: Building] INFO  o.a.m.s.f.DefaultMavenResourcesFiltering - skip non existing resourceDirectory C:\Users\Amit\Desktop\JAVA_Work\hibernate_project_1\CriteriaAPI\src\test\resources
2024-08-03 13:22:35,665 [Worker-44: Building] INFO  o.a.m.s.f.DefaultMavenResourcesFiltering - skip non existing resourceDirectory C:\Users\Amit\Desktop\JAVA_Work\hibernate_project_1\CriteriaAPI\src\main\resources
2024-08-03 13:22:35,667 [Worker-44: Building] INFO  o.a.m.s.f.DefaultMavenResourcesFiltering - skip non existing resourceDirectory C:\Users\Amit\Desktop\JAVA_Work\hibernate_project_1\CriteriaAPI\src\test\resources
2024-08-03 13:24:07,566 [Worker-45: Building] INFO  o.a.m.s.f.DefaultMavenResourcesFiltering - skip non existing resourceDirectory C:\Users\Amit\Desktop\JAVA_Work\hibernate_project_1\CriteriaAPI\src\main\resources
2024-08-03 13:24:07,567 [Worker-45: Building] INFO  o.a.m.s.f.DefaultMavenResourcesFiltering - skip non existing resourceDirectory C:\Users\Amit\Desktop\JAVA_Work\hibernate_project_1\CriteriaAPI\src\test\resources
2024-08-03 14:43:11,615 [Worker-53: Building] INFO  o.a.m.s.f.DefaultMavenResourcesFiltering - skip non existing resourceDirectory C:\Users\Amit\Desktop\JAVA_Work\hibernate_project_1\CriteriaAPI\src\main\resources
2024-08-03 14:43:11,615 [Worker-53: Building] INFO  o.a.m.s.f.DefaultMavenResourcesFiltering - skip non existing resourceDirectory C:\Users\Amit\Desktop\JAVA_Work\hibernate_project_1\CriteriaAPI\src\test\resources
2024-08-03 19:02:45,617 [Worker-1: Loading available Gradle versions] INFO  o.e.b.c.i.u.g.PublishedGradleVersions - Gradle version information cache is out-of-date. Trying to update.
2024-08-03 19:03:00,833 [Worker-3: Building] INFO  o.a.m.s.f.DefaultMavenResourcesFiltering - skip non existing resourceDirectory C:\Users\Amit\Desktop\JAVA_Work\hibernate_project_1\CriteriaAPI\src\main\resources
2024-08-03 19:03:00,844 [Worker-3: Building] INFO  o.a.m.s.f.DefaultMavenResourcesFiltering - skip non existing resourceDirectory C:\Users\Amit\Desktop\JAVA_Work\hibernate_project_1\CriteriaAPI\src\test\resources
2024-08-03 19:03:44,808 [Worker-5: Building] INFO  o.a.m.s.f.DefaultMavenResourcesFiltering - skip non existing resourceDirectory C:\Users\Amit\Desktop\JAVA_Work\hibernate_project_1\CriteriaAPI\src\main\resources
2024-08-03 19:03:44,813 [Worker-5: Building] INFO  o.a.m.s.f.DefaultMavenResourcesFiltering - skip non existing resourceDirectory C:\Users\Amit\Desktop\JAVA_Work\hibernate_project_1\CriteriaAPI\src\test\resources
2024-08-03 19:08:28,393 [Worker-15: Building Workspace] INFO  o.a.m.s.f.DefaultMavenResourcesFiltering - skip non existing resourceDirectory C:\Users\Amit\Desktop\JAVA_Work\hibernate_project_1\CriteriaAPI\src\main\resources
2024-08-03 19:08:28,398 [Worker-15: Building Workspace] INFO  o.a.m.s.f.DefaultMavenResourcesFiltering - skip non existing resourceDirectory C:\Users\Amit\Desktop\JAVA_Work\hibernate_project_1\CriteriaAPI\src\test\resources
2024-08-03 19:09:31,795 [Worker-14: Building] INFO  o.a.m.s.f.DefaultMavenResourcesFiltering - skip non existing resourceDirectory C:\Users\Amit\Desktop\JAVA_Work\hibernate_project_1\CriteriaAPI\src\main\resources
2024-08-03 19:09:31,800 [Worker-14: Building] INFO  o.a.m.s.f.DefaultMavenResourcesFiltering - skip non existing resourceDirectory C:\Users\Amit\Desktop\JAVA_Work\hibernate_project_1\CriteriaAPI\src\test\resources
2024-08-03 19:11:01,454 [Worker-15: Building] INFO  o.a.m.s.f.DefaultMavenResourcesFiltering - skip non existing resourceDirectory C:\Users\Amit\Desktop\JAVA_Work\hibernate_project_1\CriteriaAPI\src\main\resources
2024-08-03 19:11:01,457 [Worker-15: Building] INFO  o.a.m.s.f.DefaultMavenResourcesFiltering - skip non existing resourceDirectory C:\Users\Amit\Desktop\JAVA_Work\hibernate_project_1\CriteriaAPI\src\test\resources
2024-08-03 19:11:05,936 [Worker-13: Building] INFO  o.a.m.s.f.DefaultMavenResourcesFiltering - skip non existing resourceDirectory C:\Users\Amit\Desktop\JAVA_Work\hibernate_project_1\CriteriaAPI\src\main\resources
2024-08-03 19:11:05,939 [Worker-13: Building] INFO  o.a.m.s.f.DefaultMavenResourcesFiltering - skip non existing resourceDirectory C:\Users\Amit\Desktop\JAVA_Work\hibernate_project_1\CriteriaAPI\src\test\resources
2024-08-03 19:11:15,947 [Worker-9: Building] INFO  o.a.m.s.f.DefaultMavenResourcesFiltering - skip non existing resourceDirectory C:\Users\Amit\Desktop\JAVA_Work\hibernate_project_1\CriteriaAPI\src\main\resources
2024-08-03 19:11:15,950 [Worker-9: Building] INFO  o.a.m.s.f.DefaultMavenResourcesFiltering - skip non existing resourceDirectory C:\Users\Amit\Desktop\JAVA_Work\hibernate_project_1\CriteriaAPI\src\test\resources
2024-08-03 19:12:44,441 [Worker-18: Building] INFO  o.a.m.s.f.DefaultMavenResourcesFiltering - skip non existing resourceDirectory C:\Users\Amit\Desktop\JAVA_Work\hibernate_project_1\CriteriaAPI\src\main\resources
2024-08-03 19:12:44,444 [Worker-18: Building] INFO  o.a.m.s.f.DefaultMavenResourcesFiltering - skip non existing resourceDirectory C:\Users\Amit\Desktop\JAVA_Work\hibernate_project_1\CriteriaAPI\src\test\resources
2024-08-03 19:16:22,189 [Worker-20: Building] INFO  o.a.m.s.f.DefaultMavenResourcesFiltering - skip non existing resourceDirectory C:\Users\Amit\Desktop\JAVA_Work\hibernate_project_1\CriteriaAPI\src\main\resources
2024-08-03 19:16:22,193 [Worker-20: Building] INFO  o.a.m.s.f.DefaultMavenResourcesFiltering - skip non existing resourceDirectory C:\Users\Amit\Desktop\JAVA_Work\hibernate_project_1\CriteriaAPI\src\test\resources
2024-08-03 19:23:16,342 [Worker-21: Building] INFO  o.a.m.s.f.DefaultMavenResourcesFiltering - skip non existing resourceDirectory C:\Users\Amit\Desktop\JAVA_Work\hibernate_project_1\CriteriaAPI\src\main\resources
2024-08-03 19:23:16,345 [Worker-21: Building] INFO  o.a.m.s.f.DefaultMavenResourcesFiltering - skip non existing resourceDirectory C:\Users\Amit\Desktop\JAVA_Work\hibernate_project_1\CriteriaAPI\src\test\resources
2024-08-03 19:23:51,823 [Worker-18: Building] INFO  o.a.m.s.f.DefaultMavenResourcesFiltering - skip non existing resourceDirectory C:\Users\Amit\Desktop\JAVA_Work\hibernate_project_1\CriteriaAPI\src\main\resources
2024-08-03 19:23:51,825 [Worker-18: Building] INFO  o.a.m.s.f.DefaultMavenResourcesFiltering - skip non existing resourceDirectory C:\Users\Amit\Desktop\JAVA_Work\hibernate_project_1\CriteriaAPI\src\test\resources
2024-08-03 19:27:32,398 [Worker-24: Building] INFO  o.a.m.s.f.DefaultMavenResourcesFiltering - skip non existing resourceDirectory C:\Users\Amit\Desktop\JAVA_Work\hibernate_project_1\CriteriaAPI\src\main\resources
2024-08-03 19:27:32,400 [Worker-24: Building] INFO  o.a.m.s.f.DefaultMavenResourcesFiltering - skip non existing resourceDirectory C:\Users\Amit\Desktop\JAVA_Work\hibernate_project_1\CriteriaAPI\src\test\resources
2024-08-03 19:27:52,170 [Worker-24: Building] INFO  o.a.m.s.f.DefaultMavenResourcesFiltering - skip non existing resourceDirectory C:\Users\Amit\Desktop\JAVA_Work\hibernate_project_1\CriteriaAPI\src\main\resources
2024-08-03 19:27:52,172 [Worker-24: Building] INFO  o.a.m.s.f.DefaultMavenResourcesFiltering - skip non existing resourceDirectory C:\Users\Amit\Desktop\JAVA_Work\hibernate_project_1\CriteriaAPI\src\test\resources
2024-08-03 19:29:25,166 [Worker-23: Building] INFO  o.a.m.s.f.DefaultMavenResourcesFiltering - skip non existing resourceDirectory C:\Users\Amit\Desktop\JAVA_Work\hibernate_project_1\CriteriaAPI\src\main\resources
2024-08-03 19:29:25,168 [Worker-23: Building] INFO  o.a.m.s.f.DefaultMavenResourcesFiltering - skip non existing resourceDirectory C:\Users\Amit\Desktop\JAVA_Work\hibernate_project_1\CriteriaAPI\src\test\resources
2024-08-03 19:30:30,075 [Worker-24: Building] INFO  o.a.m.s.f.DefaultMavenResourcesFiltering - skip non existing resourceDirectory C:\Users\Amit\Desktop\JAVA_Work\hibernate_project_1\CriteriaAPI\src\main\resources
2024-08-03 19:30:30,078 [Worker-24: Building] INFO  o.a.m.s.f.DefaultMavenResourcesFiltering - skip non existing resourceDirectory C:\Users\Amit\Desktop\JAVA_Work\hibernate_project_1\CriteriaAPI\src\test\resources
2024-08-03 19:32:15,843 [Worker-24: Building] INFO  o.a.m.s.f.DefaultMavenResourcesFiltering - skip non existing resourceDirectory C:\Users\Amit\Desktop\JAVA_Work\hibernate_project_1\CriteriaAPI\src\main\resources
2024-08-03 19:32:15,846 [Worker-24: Building] INFO  o.a.m.s.f.DefaultMavenResourcesFiltering - skip non existing resourceDirectory C:\Users\Amit\Desktop\JAVA_Work\hibernate_project_1\CriteriaAPI\src\test\resources
2024-08-03 19:32:44,175 [Worker-24: Building] INFO  o.a.m.s.f.DefaultMavenResourcesFiltering - skip non existing resourceDirectory C:\Users\Amit\Desktop\JAVA_Work\hibernate_project_1\CriteriaAPI\src\main\resources
2024-08-03 19:32:44,178 [Worker-24: Building] INFO  o.a.m.s.f.DefaultMavenResourcesFiltering - skip non existing resourceDirectory C:\Users\Amit\Desktop\JAVA_Work\hibernate_project_1\CriteriaAPI\src\test\resources
2024-08-03 19:32:49,365 [Worker-24: Building] INFO  o.a.m.s.f.DefaultMavenResourcesFiltering - skip non existing resourceDirectory C:\Users\Amit\Desktop\JAVA_Work\hibernate_project_1\CriteriaAPI\src\main\resources
2024-08-03 19:32:49,368 [Worker-24: Building] INFO  o.a.m.s.f.DefaultMavenResourcesFiltering - skip non existing resourceDirectory C:\Users\Amit\Desktop\JAVA_Work\hibernate_project_1\CriteriaAPI\src\test\resources
2024-08-03 19:36:18,285 [Worker-27: Building] INFO  o.a.m.s.f.DefaultMavenResourcesFiltering - skip non existing resourceDirectory C:\Users\Amit\Desktop\JAVA_Work\hibernate_project_1\CriteriaAPI\src\main\resources
2024-08-03 19:36:18,289 [Worker-27: Building] INFO  o.a.m.s.f.DefaultMavenResourcesFiltering - skip non existing resourceDirectory C:\Users\Amit\Desktop\JAVA_Work\hibernate_project_1\CriteriaAPI\src\test\resources
2024-08-03 19:36:25,784 [Worker-27: Building] INFO  o.a.m.s.f.DefaultMavenResourcesFiltering - skip non existing resourceDirectory C:\Users\Amit\Desktop\JAVA_Work\hibernate_project_1\CriteriaAPI\src\main\resources
2024-08-03 19:36:25,785 [Worker-27: Building] INFO  o.a.m.s.f.DefaultMavenResourcesFiltering - skip non existing resourceDirectory C:\Users\Amit\Desktop\JAVA_Work\hibernate_project_1\CriteriaAPI\src\test\resources
2024-08-03 19:36:59,909 [Worker-24: Building] INFO  o.a.m.s.f.DefaultMavenResourcesFiltering - skip non existing resourceDirectory C:\Users\Amit\Desktop\JAVA_Work\hibernate_project_1\CriteriaAPI\src\main\resources
2024-08-03 19:36:59,911 [Worker-24: Building] INFO  o.a.m.s.f.DefaultMavenResourcesFiltering - skip non existing resourceDirectory C:\Users\Amit\Desktop\JAVA_Work\hibernate_project_1\CriteriaAPI\src\test\resources
2024-08-03 19:37:36,786 [Worker-27: Building] INFO  o.a.m.s.f.DefaultMavenResourcesFiltering - skip non existing resourceDirectory C:\Users\Amit\Desktop\JAVA_Work\hibernate_project_1\CriteriaAPI\src\main\resources
2024-08-03 19:37:36,788 [Worker-27: Building] INFO  o.a.m.s.f.DefaultMavenResourcesFiltering - skip non existing resourceDirectory C:\Users\Amit\Desktop\JAVA_Work\hibernate_project_1\CriteriaAPI\src\test\resources
2024-08-03 19:37:46,908 [Worker-30: Building] INFO  o.a.m.s.f.DefaultMavenResourcesFiltering - skip non existing resourceDirectory C:\Users\Amit\Desktop\JAVA_Work\hibernate_project_1\CriteriaAPI\src\main\resources
2024-08-03 19:37:46,911 [Worker-30: Building] INFO  o.a.m.s.f.DefaultMavenResourcesFiltering - skip non existing resourceDirectory C:\Users\Amit\Desktop\JAVA_Work\hibernate_project_1\CriteriaAPI\src\test\resources
2024-08-03 19:38:54,048 [Worker-24: Building] INFO  o.a.m.s.f.DefaultMavenResourcesFiltering - skip non existing resourceDirectory C:\Users\Amit\Desktop\JAVA_Work\hibernate_project_1\CriteriaAPI\src\main\resources
2024-08-03 19:38:54,051 [Worker-24: Building] INFO  o.a.m.s.f.DefaultMavenResourcesFiltering - skip non existing resourceDirectory C:\Users\Amit\Desktop\JAVA_Work\hibernate_project_1\CriteriaAPI\src\test\resources
2024-08-03 19:39:18,843 [Worker-23: Building] INFO  o.a.m.s.f.DefaultMavenResourcesFiltering - skip non existing resourceDirectory C:\Users\Amit\Desktop\JAVA_Work\hibernate_project_1\CriteriaAPI\src\main\resources
2024-08-03 19:39:18,845 [Worker-23: Building] INFO  o.a.m.s.f.DefaultMavenResourcesFiltering - skip non existing resourceDirectory C:\Users\Amit\Desktop\JAVA_Work\hibernate_project_1\CriteriaAPI\src\test\resources
2024-08-03 19:40:32,352 [Worker-24: Building] INFO  o.a.m.s.f.DefaultMavenResourcesFiltering - skip non existing resourceDirectory C:\Users\Amit\Desktop\JAVA_Work\hibernate_project_1\CriteriaAPI\src\main\resources
2024-08-03 19:40:32,355 [Worker-24: Building] INFO  o.a.m.s.f.DefaultMavenResourcesFiltering - skip non existing resourceDirectory C:\Users\Amit\Desktop\JAVA_Work\hibernate_project_1\CriteriaAPI\src\test\resources
2024-08-03 19:41:48,909 [Worker-32: Building] INFO  o.a.m.s.f.DefaultMavenResourcesFiltering - skip non existing resourceDirectory C:\Users\Amit\Desktop\JAVA_Work\hibernate_project_1\CriteriaAPI\src\main\resources
2024-08-03 19:41:48,912 [Worker-32: Building] INFO  o.a.m.s.f.DefaultMavenResourcesFiltering - skip non existing resourceDirectory C:\Users\Amit\Desktop\JAVA_Work\hibernate_project_1\CriteriaAPI\src\test\resources
2024-08-03 19:41:54,178 [Worker-32: Building] INFO  o.a.m.s.f.DefaultMavenResourcesFiltering - skip non existing resourceDirectory C:\Users\Amit\Desktop\JAVA_Work\hibernate_project_1\CriteriaAPI\src\main\resources
2024-08-03 19:41:54,180 [Worker-32: Building] INFO  o.a.m.s.f.DefaultMavenResourcesFiltering - skip non existing resourceDirectory C:\Users\Amit\Desktop\JAVA_Work\hibernate_project_1\CriteriaAPI\src\test\resources
2024-08-03 19:51:01,787 [Worker-35: Building] INFO  o.a.m.s.f.DefaultMavenResourcesFiltering - skip non existing resourceDirectory C:\Users\Amit\Desktop\JAVA_Work\hibernate_project_1\CriteriaAPI\src\main\resources
2024-08-03 19:51:01,789 [Worker-35: Building] INFO  o.a.m.s.f.DefaultMavenResourcesFiltering - skip non existing resourceDirectory C:\Users\Amit\Desktop\JAVA_Work\hibernate_project_1\CriteriaAPI\src\test\resources
2024-08-03 19:51:21,164 [Worker-28: Building] INFO  o.a.m.s.f.DefaultMavenResourcesFiltering - skip non existing resourceDirectory C:\Users\Amit\Desktop\JAVA_Work\hibernate_project_1\CriteriaAPI\src\main\resources
2024-08-03 19:51:21,166 [Worker-28: Building] INFO  o.a.m.s.f.DefaultMavenResourcesFiltering - skip non existing resourceDirectory C:\Users\Amit\Desktop\JAVA_Work\hibernate_project_1\CriteriaAPI\src\test\resources
2024-08-03 19:51:27,212 [Worker-35: Building] INFO  o.a.m.s.f.DefaultMavenResourcesFiltering - skip non existing resourceDirectory C:\Users\Amit\Desktop\JAVA_Work\hibernate_project_1\CriteriaAPI\src\main\resources
2024-08-03 19:51:27,214 [Worker-35: Building] INFO  o.a.m.s.f.DefaultMavenResourcesFiltering - skip non existing resourceDirectory C:\Users\Amit\Desktop\JAVA_Work\hibernate_project_1\CriteriaAPI\src\test\resources
2024-08-03 19:51:32,144 [Worker-38: Building] INFO  o.a.m.s.f.DefaultMavenResourcesFiltering - skip non existing resourceDirectory C:\Users\Amit\Desktop\JAVA_Work\hibernate_project_1\CriteriaAPI\src\main\resources
2024-08-03 19:51:32,146 [Worker-38: Building] INFO  o.a.m.s.f.DefaultMavenResourcesFiltering - skip non existing resourceDirectory C:\Users\Amit\Desktop\JAVA_Work\hibernate_project_1\CriteriaAPI\src\test\resources
2024-08-03 19:55:20,752 [Worker-39: Building] INFO  o.a.m.s.f.DefaultMavenResourcesFiltering - skip non existing resourceDirectory C:\Users\Amit\Desktop\JAVA_Work\hibernate_project_1\CriteriaAPI\src\main\resources
2024-08-03 19:55:20,756 [Worker-39: Building] INFO  o.a.m.s.f.DefaultMavenResourcesFiltering - skip non existing resourceDirectory C:\Users\Amit\Desktop\JAVA_Work\hibernate_project_1\CriteriaAPI\src\test\resources
2024-08-03 19:55:49,304 [Worker-40: Building] INFO  o.a.m.s.f.DefaultMavenResourcesFiltering - skip non existing resourceDirectory C:\Users\Amit\Desktop\JAVA_Work\hibernate_project_1\CriteriaAPI\src\main\resources
2024-08-03 19:55:49,305 [Worker-40: Building] INFO  o.a.m.s.f.DefaultMavenResourcesFiltering - skip non existing resourceDirectory C:\Users\Amit\Desktop\JAVA_Work\hibernate_project_1\CriteriaAPI\src\test\resources
2024-08-03 19:56:17,183 [Worker-37: Building] INFO  o.a.m.s.f.DefaultMavenResourcesFiltering - skip non existing resourceDirectory C:\Users\Amit\Desktop\JAVA_Work\hibernate_project_1\CriteriaAPI\src\main\resources
2024-08-03 19:56:17,184 [Worker-37: Building] INFO  o.a.m.s.f.DefaultMavenResourcesFiltering - skip non existing resourceDirectory C:\Users\Amit\Desktop\JAVA_Work\hibernate_project_1\CriteriaAPI\src\test\resources
2024-08-04 18:35:13,491 [Worker-0: Loading available Gradle versions] INFO  o.e.b.c.i.u.g.PublishedGradleVersions - Gradle version information cache is up-to-date. Trying to read.
2024-08-04 18:35:56,585 [Worker-4: Building] INFO  o.a.m.s.f.DefaultMavenResourcesFiltering - skip non existing resourceDirectory C:\Users\Amit\Desktop\JAVA_Work\hibernate_project_1\CriteriaAPI\src\main\resources
2024-08-04 18:35:56,590 [Worker-4: Building] INFO  o.a.m.s.f.DefaultMavenResourcesFiltering - skip non existing resourceDirectory C:\Users\Amit\Desktop\JAVA_Work\hibernate_project_1\CriteriaAPI\src\test\resources
2024-08-04 18:36:05,279 [Worker-1: Building] INFO  o.a.m.s.f.DefaultMavenResourcesFiltering - skip non existing resourceDirectory C:\Users\Amit\Desktop\JAVA_Work\hibernate_project_1\CriteriaAPI\src\main\resources
2024-08-04 18:36:05,282 [Worker-1: Building] INFO  o.a.m.s.f.DefaultMavenResourcesFiltering - skip non existing resourceDirectory C:\Users\Amit\Desktop\JAVA_Work\hibernate_project_1\CriteriaAPI\src\test\resources
2024-08-04 18:36:38,526 [Worker-8: Building] INFO  o.a.m.s.f.DefaultMavenResourcesFiltering - skip non existing resourceDirectory C:\Users\Amit\Desktop\JAVA_Work\hibernate_project_1\CriteriaAPI\src\main\resources
2024-08-04 18:36:38,530 [Worker-8: Building] INFO  o.a.m.s.f.DefaultMavenResourcesFiltering - skip non existing resourceDirectory C:\Users\Amit\Desktop\JAVA_Work\hibernate_project_1\CriteriaAPI\src\test\resources
2024-08-04 18:37:31,272 [Worker-9: Building] INFO  o.a.m.s.f.DefaultMavenResourcesFiltering - skip non existing resourceDirectory C:\Users\Amit\Desktop\JAVA_Work\hibernate_project_1\CriteriaAPI\src\main\resources
2024-08-04 18:37:31,274 [Worker-9: Building] INFO  o.a.m.s.f.DefaultMavenResourcesFiltering - skip non existing resourceDirectory C:\Users\Amit\Desktop\JAVA_Work\hibernate_project_1\CriteriaAPI\src\test\resources
2024-08-04 18:54:27,846 [Worker-13: Building] INFO  o.a.m.s.f.DefaultMavenResourcesFiltering - skip non existing resourceDirectory C:\Users\Amit\Desktop\JAVA_Work\hibernate_project_1\CriteriaAPI\src\main\resources
2024-08-04 18:54:27,850 [Worker-13: Building] INFO  o.a.m.s.f.DefaultMavenResourcesFiltering - skip non existing resourceDirectory C:\Users\Amit\Desktop\JAVA_Work\hibernate_project_1\CriteriaAPI\src\test\resources
